word from manuscript,index chosen,index 0,1,2,3,4,5,6,7,8,9,10,11,12,13,14,15,16,17
bituman,0,,,,,,,,,,,,,,,,,,
crêpe,0,,,,,,,,,,,,,,,,,,
cinnamon,0,aromatic bark used as a spice,tropical Asian tree with aromatic yellowish-brown bark; source of the spice cinnamon,spice from the dried aromatic bark of the Ceylon cinnamon tree; used as rolled strips or ground,,,,,,,,,,,,,,,
floret,0,a diminutive flower (especially one that is part of a composite flower),,,,,,,,,,,,,,,,,
vinegar,0,sour-tasting liquid produced usually by oxidation of the alcohol in wine or cider and used as a condiment or food preservative,dilute acetic acid,,,,,,,,,,,,,,,,
grai,0,,,,,,,,,,,,,,,,,,
niello,0,,,,,,,,,,,,,,,,,,
calamine,0,a white mineral; a common ore of zinc,,,,,,,,,,,,,,,,,
porfidio,0,,,,,,,,,,,,,,,,,,
lute,0,a substance for packing a joint or coating a porous surface to make it impervious to gas or liquid,"chordophone consisting of a plucked instrument having a pear-shaped body, a usually bent neck, and a fretted fingerboard",,,,,,,,,,,,,,,,
quill,0,pen made from a bird's feather,a stiff hollow protective spine on a porcupine or hedgehog,any of the larger wing or tail feathers of a bird,the hollow spine of a feather,,,,,,,,,,,,,,
foil,0,a piece of thin and flexible sheet metal,anything that serves by contrast to call attention to another thing's good qualities,a device consisting of a flat or curved piece (as a metal plate) so that its surface reacts to the water it is passing through,picture consisting of a positive photograph or drawing on a transparent base; viewed with a projector,a light slender flexible sword tipped by a button,,,,,,,,,,,,,
fenugreek,0,annual herb or southern Europe and eastern Asia having off-white flowers and aromatic seeds used medicinally and in curry,aromatic seeds used as seasoning especially in curry,,,,,,,,,,,,,,,,
civet,0,cat-like mammal typically secreting musk used in perfumes,,,,,,,,,,,,,,,,,
rainwater,0,drops of fresh water that fall as precipitation from clouds,,,,,,,,,,,,,,,,,
flour,0,fine powdery foodstuff obtained by grinding and sifting the meal of a cereal grain,,,,,,,,,,,,,,,,,
bronze,0,an alloy of copper and tin and sometimes other elements; also any copper-base alloy containing other elements in place of tin,a sculpture made of bronze,,,,,,,,,,,,,,,,
nastiness,0,a state characterized by foul or disgusting dirt and refuse,malevolence by virtue of being malicious or spiteful or nasty,the quality of being unpleasant,,,,,,,,,,,,,,,
tinned,0,,,,,,,,,,,,,,,,,,
regulu,0,,,,,,,,,,,,,,,,,,
aquamarine,0,a transparent variety of beryl that is blue green in color,a shade of blue tinged with green,,,,,,,,,,,,,,,,
turpentine,0,obtained from conifers (especially pines),volatile liquid distilled from turpentine oleoresin; used as paint thinner and solvent and medicinally,,,,,,,,,,,,,,,,
zedoary,0,,,,,,,,,,,,,,,,,,
pebble,0,a small smooth rounded rock,,,,,,,,,,,,,,,,,
varnish,0,"a coating that provides a hard, lustrous, transparent finish to a surface",,,,,,,,,,,,,,,,,
glue,0,cement consisting of a sticky substance that is used as an adhesive,,,,,,,,,,,,,,,,,
k,0,the basic unit of thermodynamic temperature adopted under the Systeme International d'Unites,a light soft silver-white metallic element of the alkali metal group; oxidizes rapidly in air and reacts violently with water; is abundant in nature in combined forms occurring in sea water and in carnallite and kainite and sylvite,the cardinal number that is the product of 10 and 100,a unit of information equal to 1000 bytes,a unit of information equal to 1024 bytes,the 11th letter of the Roman alphabet,street names for ketamine,,,,,,,,,,,
alabaster,0,"a compact fine-textured, usually white gypsum used for carving",a hard compact kind of calcite,a very light white,,,,,,,,,,,,,,,
weld,0,European mignonette cultivated as a source of yellow dye; naturalized in North America,United States abolitionist (1803-1895) (not an entity),a metal joint formed by softening with heat and fusing or hammering together,,,,,,,,,,,,,,,
mold,1,the distinctive form in which a thing is made,container into which liquid is poured to create a given shape when it hardens,loose soil rich in organic matter,the process of becoming mildewed,a fungus that produces a superficial growth on various kinds of damp or decaying organic matter,a dish or dessert that is formed in or on a mold,"a distinctive nature, character, or type",sculpture produced by molding,,,,,,,,,,
basan,0,,,,,,,,,,,,,,,,,,
mud,0,water soaked soil; soft wet earth,slanderous remarks or charges,,,,,,,,,,,,,,,,
air,0,a mixture of gases (especially oxygen) required for breathing; the stuff that the wind consists of,the region above the ground,a distinctive but intangible quality surrounding a person or thing,a slight wind (usually refreshing),the mass of air surrounding the Earth,once thought to be one of four elements composing the universe (Empedocles),a succession of notes forming a distinctive sequence,medium for radio and television broadcasting,travel via aircraft,,,,,,,,,
candle,0,stick of wax with a wick in the middle,"the basic unit of luminous intensity adopted under the Systeme International d'Unites; equal to 1/60 of the luminous intensity per square centimeter of a black body radiating at the temperature of 2,046 degrees Kelvin",,,,,,,,,,,,,,,,
fume,0,a cloud of fine particles suspended in a gas,,,,,,,,,,,,,,,,,
center,0,an area that is approximately central within some larger region,the piece of ground in the outfield directly ahead of the catcher,a building dedicated to a particular activity,a point equidistant from the ends of a line or the extremities of a figure,the choicest or most essential or most vital part of some idea or experience,the object upon which interest and attention focuses,a cluster of nerve cells governing a specific bodily process,the middle of a military or naval formation,(basketball) the person who plays center on a basketball team,(football) the person who plays center on the line of scrimmage and snaps the ball to the quarterback,a place where some particular activity is concentrated,politically moderate persons; centrists,(ice hockey) the person who plays center on a hockey team,the sweet central portion of a piece of candy that is enclosed in chocolate or some other covering,mercantile establishment consisting of a carefully landscaped complex of shops representing leading merchandisers; usually includes restaurants and a convenient parking area; a modern version of the traditional marketplace,the position on a hockey team of the player who participates in the face off at the beginning of the game,(American football) the position of the player on the line of scrimmage who puts the ball in play,a position on a basketball team of the player who participates in the jump that starts the game
pea,0,seed of a pea plant used for food,the fruit or seed of a pea plant,a leguminous plant of the genus Pisum with small white flowers and long green pods containing edible green seeds,,,,,,,,,,,,,,,
cord,0,a line made of twisted fibers or threads,a unit of amount of wood cut for burning; 128 cubic feet,a light insulated conductor for household use,a cut pile fabric with vertical ribs; usually made of cotton,,,,,,,,,,,,,,
aurea,0,,,,,,,,,,,,,,,,,,
acetum,0,a dilute solution of acetic acid that is used as a solvent (e.g. for a drug),sour-tasting liquid produced usually by oxidation of the alcohol in wine or cider and used as a condiment or food preservative,,,,,,,,,,,,,,,,
thread,0,a fine cord of twisted fibers (of cotton or silk or wool or nylon etc.) used in sewing and weaving,any long object resembling a thin line,the connections that link the various parts of an event or argument together,the raised helical rib going around a screw,,,,,,,,,,,,,,
pumouse,0,,,,,,,,,,,,,,,,,,
glass,0,a brittle transparent solid with irregular atomic structure,a container for holding liquids while drinking,the quantity a glass will hold,a small refracting telescope,an amphetamine derivative (trade name Methedrine) used in the form of a crystalline hydrochloride; used as a stimulant to the nervous system and as an appetite suppressant,a mirror; usually a ladies' dressing mirror,glassware collectively,,,,,,,,,,,
earwax,0,a soft yellow wax secreted by glands in the ear canal,,,,,,,,,,,,,,,,,
mustard,0,any of several cruciferous plants of the genus Brassica,pungent powder or paste prepared from ground mustard seeds,leaves eaten as cooked greens,,,,,,,,,,,,,,,
vermillion,0,,,,,,,,,,,,,,,,,,
grain,0,a relatively small granular particle of a substance,foodstuff prepared from the starchy grains of cereal grasses,the side of leather from which the hair has been removed,a weight unit used for pearls or diamonds: 50 mg or 1/4 carat,1/60 dram; equals an avoirdupois grain or 64.799 milligrams,1/7000 pound; equals a troy grain or 64.799 milligrams,"dry seed-like fruit produced by the cereal grasses: e.g. wheat, barley, Indian corn",a cereal grass,the smallest possible unit of anything,"the direction, texture, or pattern of fibers found in wood or leather or stone or in a woven fabric",the physical composition of something (especially with respect to the size and shape of the small constituents of a substance),,,,,,,
silvered,0,,,,,,,,,,,,,,,,,,
putty,0,a dough-like mixture of whiting and boiled linseed oil; used especially to patch woodwork or secure panes of glass,,,,,,,,,,,,,,,,,
yolk,0,the yellow spherical part of an egg that is surrounded by the albumen,nutritive material of an ovum stored for the nutrition of an embryo (especially the yellow mass of a bird or reptile egg),,,,,,,,,,,,,,,,
chestnut,0,wood of any of various chestnut trees of the genus Castanea,any of several attractive deciduous trees yellow-brown in autumn; yield a hard wood and edible nuts in a prickly bur,edible nut of any of various chestnut trees of the genus Castanea,the brown color of chestnuts,a small horny callus on the inner surface of a horse's leg,a dark golden-brown or reddish-brown horse,,,,,,,,,,,,
latten,0,brass (or a yellow alloy resembling brass) that was hammered into thin sheets; formerly used for church utensils,,,,,,,,,,,,,,,,,
ball,0,round object that is hit or thrown or kicked in games,a solid projectile that is shot by a musket,an object with a spherical shape,the people assembled at a lavish formal dance,one of the two male reproductive glands that produce spermatozoa and secrete androgens,a spherical object used as a plaything,United States comedienne best known as the star of a popular television program (1911-1989) (not an entity),a compact mass,a lavish dance requiring formal attire,a more or less rounded anatomical body or mass,the game of baseball,a pitch that is not in the strike zone,,,,,,
parchment,0,a superior paper resembling sheepskin,skin of a sheep or goat prepared for writing on,,,,,,,,,,,,,,,,
orpiment,0,a yellow mineral occurring in conjunction with realgar; an ore of arsenic,,,,,,,,,,,,,,,,,
soldered,0,,,,,,,,,,,,,,,,,,
smoke,0,a cloud of fine particles suspended in a gas,a hot vapor containing fine particles of carbon being produced by combustion,an indication of some hidden activity,something with no concrete substance,tobacco leaves that have been made into a cylinder,street names for marijuana,the act of smoking tobacco or other substances,(baseball) a pitch thrown with maximum velocity,,,,,,,,,,
eggshell,0,the exterior covering of a bird's egg,,,,,,,,,,,,,,,,,
pearl,0,a smooth lustrous round structure inside the shell of a clam or oyster; much valued as a jewel,a shade of white the color of bleached bones,a shape that is spherical and small,,,,,,,,,,,,,,,
bloodstone,0,green chalcedony with red spots that resemble blood,,,,,,,,,,,,,,,,,
touchstone,0,a basis for comparison; a reference point against which other things can be evaluated,,,,,,,,,,,,,,,,,
prele,0,,,,,,,,,,,,,,,,,,
horn,0,a noisemaker (as at parties or games) that makes a loud noise when you blow through it,one of the bony outgrowths on the heads of certain ungulates,a noise made by the driver of an automobile to give warning,a high pommel of a Western saddle (usually metal covered with leather),a brass musical instrument with a brilliant tone; has a narrow tube and a flared bell and is played by means of valves,any hard protuberance from the head of an organism that is similar to or suggestive of a horn,the material (mostly keratin) that covers the horns of ungulates and forms hooves and claws and nails,a device having the shape of a horn,an alarm device that makes a loud warning sound,a brass musical instrument consisting of a conical tube that is coiled into a spiral and played by means of valves,a device on an automobile for making a warning noise,,,,,,,
butter,0,an edible emulsion of fat globules made by churning milk or cream; for cooking and table use,a fighter who strikes the opponent with his head,,,,,,,,,,,,,,,,
aspalt,0,,,,,,,,,,,,,,,,,,
ointment,0,semisolid preparation (usually containing a medicine) applied externally as a remedy or for soothing an irritation,toiletry consisting of any of various substances in the form of a thick liquid that have a soothing and moisturizing effect when applied to the skin,,,,,,,,,,,,,,,,
bullitoyre,0,,,,,,,,,,,,,,,,,,
emery,0,a hard grey-black mineral consisting of corundum and either hematite or magnetite; used as an abrasive (especially as a coating on paper),,,,,,,,,,,,,,,,,
oiling,0,,,,,,,,,,,,,,,,,,
steel,0,an alloy of iron with small amounts of carbon; widely used in construction; mechanical properties can be varied over a wide range,a cutting or thrusting weapon that has a long metal blade and a hilt with a hand guard,knife sharpener consisting of a ridged steel rod,,,,,,,,,,,,,,,
soldering,0,fastening firmly together,,,,,,,,,,,,,,,,,
azure,0,a light shade of blue,,,,,,,,,,,,,,,,,
blood,0,"the fluid (red in vertebrates) that is pumped through the body by the heart and contains plasma, blood cells, and platelets",temperament or disposition,a dissolute man in fashionable society,the descendants of one individual,people viewed as members of a group,,,,,,,,,,,,,
honey,0,a sweet yellow liquid produced by bees,a beloved person; used as terms of endearment,,,,,,,,,,,,,,,,
wool,0,a fabric made from the hair of sheep,fiber sheared from animals (such as sheep) and twisted into yarn for weaving,outer coat of especially sheep and yaks,,,,,,,,,,,,,,,
otnegra,0,,,,,,,,,,,,,,,,,,
beef,0,cattle that are reared for their meat,meat from an adult domestic bovine,informal terms for objecting,,,,,,,,,,,,,,,
stucco,0,a plaster now made mostly from Portland cement and sand and lime; applied while soft to cover exterior walls or surfaces,,,,,,,,,,,,,,,,,
sanguine,0,a blood-red color,,,,,,,,,,,,,,,,,
wallwort,0,,,,,,,,,,,,,,,,,,
grinding,0,material resulting from the process of grinding,a harsh and strident sound (as of the grinding of gears),the wearing down of rock particles by friction due to water or wind or ice,,,,,,,,,,,,,,,
verd,0,,,,,,,,,,,,,,,,,,
mealworm,0,the larva of beetles of the family Tenebrionidae,,,,,,,,,,,,,,,,,
mercury,0,a heavy silvery toxic univalent and bivalent metallic element; the only metal that is liquid at ordinary temperatures,(Roman mythology) messenger of Jupiter and god of commerce; counterpart of Greek Hermes (not an entity),the smallest planet and the nearest to the sun (not an entity),temperature measured by a mercury thermometer,,,,,,,,,,,,,,
impurity,0,worthless or dangerous material that should be removed,the condition of being impure,,,,,,,,,,,,,,,,
cork,0,outer bark of the cork oak; used for stoppers for bottles etc.,(botany) outer tissue of bark; a protective layer of dead cells,a port city in southern Ireland (not an entity),the plug in the mouth of a bottle (especially a wine bottle),a small float usually made of cork; attached to a fishing line,,,,,,,,,,,,,
clofe,0,,,,,,,,,,,,,,,,,,
tile,0,a flat thin rectangular slab (as of fired clay or rubber or linoleum) used to cover surfaces,a thin flat slab of fired clay used for roofing,"game equipment consisting of a flat thin piece marked with characters and used in board games like Mah-Jong, Scrabble, etc.",,,,,,,,,,,,,,,
ferro,0,,,,,,,,,,,,,,,,,,
buckram,0,a coarse cotton fabric stiffened with glue; used in bookbinding and to stiffen clothing,,,,,,,,,,,,,,,,,
dust,0,fine powdery material such as dry earth or pollen that can be blown about in the air,the remains of something that has been destroyed or broken up,free microscopic particles of solid material,,,,,,,,,,,,,,,
opiate,0,a narcotic drug that contains opium or an opium derivative,,,,,,,,,,,,,,,,,
leaded,0,,,,,,,,,,,,,,,,,,
verdigri,0,,,,,,,,,,,,,,,,,,
horsedung,0,,,,,,,,,,,,,,,,,,
rust,0,a red or brown oxide coating on iron or steel caused by the action of oxygen and moisture,a plant disease that produces a reddish-brown discoloration of leaves and stems; caused by various rust fungi,the formation of reddish-brown ferric oxides on iron by low-temperature oxidation in the presence of water,any of various fungi causing rust disease in plants,,,,,,,,,,,,,,
metal,0,any of several chemical elements that are usually shiny solids that conduct heat or electricity and can be formed into sheets etc.,a mixture containing two or more metallic elements or metallic and nonmetallic elements usually fused together or dissolving into each other when molten,,,,,,,,,,,,,,,,
ivory,0,a hard smooth ivory colored dentine that makes up most of the tusks of elephants and walruses,a shade of white the color of bleached bones,,,,,,,,,,,,,,,,
agate,0,an impure form of quartz consisting of banded chalcedony; used as a gemstone and for making mortars and pestles,,,,,,,,,,,,,,,,,
lime,0,a caustic substance produced by heating limestone,a white crystalline oxide used in the production of calcium hydroxide,a sticky adhesive that is smeared on small branches to capture small birds,any of various related trees bearing limes,any of various deciduous trees of the genus Tilia with heart-shaped leaves and drooping cymose clusters of yellowish often fragrant flowers; several yield valuable timber,the green acidic fruit of any of various lime trees,,,,,,,,,,,,
isinglass,0,any of various minerals consisting of hydrous silicates of aluminum or potassium etc. that crystallize in forms that allow perfect cleavage into very thin leaves; used as dielectrics because of their resistance to electricity,,,,,,,,,,,,,,,,,
plate,0,(baseball) base consisting of a rubber slab where the batter stands; it must be touched by a base runner in order to score,a sheet of metal or wood or glass or plastic,a full-page illustration (usually on slick paper),dish on which food is served or from which food is eaten,the quantity contained in a plate,a rigid layer of the Earth's crust that is believed to drift slowly,the thin under portion of the forequarter,a main course served on a plate,any flat platelike body structure or part,the positively charged electrode in a vacuum tube,a flat sheet of metal or glass on which a photographic image can be recorded,structural member consisting of a horizontal beam that provides bearing and anchorage,a shallow receptacle for collection in church,a metal sheathing of uniform thickness (such as the shield attached to an artillery piece to protect the gunners),a dental appliance that artificially replaces missing teeth,,,
jelly,0,an edible jelly (sweet or pungent) made with gelatin and used as a dessert or salad base or a coating for foods,a preserve made of the jelled juice of fruit,any substance having the consistency of jelly or gelatin,,,,,,,,,,,,,,,
earthen,0,,,,,,,,,,,,,,,,,,
couleur,0,,,,,,,,,,,,,,,,,,
animal,0,a living organism characterized by voluntary movement,,,,,,,,,,,,,,,,,
filth,0,any substance considered disgustingly foul or unpleasant,the state of being covered with unclean things,a state characterized by foul or disgusting dirt and refuse,an offensive or indecent word or phrase,,,,,,,,,,,,,,
salty,0,,,,,,,,,,,,,,,,,,
sandalwood,0,close-grained fragrant yellowish heartwood of the true sandalwood; has insect repelling properties and is used for carving and cabinetwork,,,,,,,,,,,,,,,,,
chalk,0,a soft whitish calcite,a pure flat white with little reflectance,an amphetamine derivative (trade name Methedrine) used in the form of a crystalline hydrochloride; used as a stimulant to the nervous system and as an appetite suppressant,"a piece of calcite or a similar substance, usually in the shape of a crayon, that is used to write or draw on blackboards or other flat surfaces",,,,,,,,,,,,,,
massicot,0,the mineral form of lead monoxide; in the form of yellow powder it is used as a pigment,,,,,,,,,,,,,,,,,
soot,0,a black colloidal substance consisting wholly or principally of amorphous carbon and used to make pigments and ink,,,,,,,,,,,,,,,,,
crocum,0,,,,,,,,,,,,,,,,,,
bran,0,broken husks of the seeds of cereal grains that are separated from the flour by sifting,food prepared from the husks of cereal grains,,,,,,,,,,,,,,,,
saliva,0,a clear liquid secreted into the mouth by the salivary glands and mucous glands of the mouth; moistens the mouth and starts the digestion of starches,,,,,,,,,,,,,,,,,
marcasite,0,,,,,,,,,,,,,,,,,,
rosette,0,an ornament or pattern resembling a rose that is worn as a badge of office or as recognition of having won an honor,rhizoctinia disease of potatoes,a cluster of leaves growing in crowded circles from a common center or crown (usually at or close to the ground),circular window filled with tracery,,,,,,,,,,,,,,
beryl,0,the chief source of beryllium; colored transparent varieties are valued as gems,,,,,,,,,,,,,,,,,
waxed,0,,,,,,,,,,,,,,,,,,
nailhead,0,something resembling the head of a nail that is used as an ornamental device,flattened boss on the end of nail opposite to the point,,,,,,,,,,,,,,,,
borax,0,an ore of boron consisting of hydrated sodium borate; used as a flux or cleansing agent,,,,,,,,,,,,,,,,,
elm,0,any of various trees of the genus Ulmus: important timber or shade trees,hard tough wood of an elm tree; used for e.g. implements and furniture,,,,,,,,,,,,,,,,
porkfat,0,,,,,,,,,,,,,,,,,,
almond,0,small bushy deciduous tree native to Asia and North Africa having pretty pink blossoms and highly prized edible nuts enclosed in a hard green hull; cultivated in southern Australia and California,oval-shaped edible seed of the almond tree,,,,,,,,,,,,,,,,
horsehair,0,hair taken from the mane or tail of a horse,a fabric made from fibers taken from the mane or tail of horses; used for upholstery,,,,,,,,,,,,,,,,
fat,0,a soft greasy substance occurring in organic tissue and consisting of a mixture of lipids (mostly triglycerides),a kind of body tissue containing stored fat that serves as a source of energy; it also cushions and insulates vital organs,excess bodily weight,,,,,,,,,,,,,,,
gemstone,0,a crystalline rock that can be cut and polished for jewelry,,,,,,,,,,,,,,,,,
bullitoire,0,,,,,,,,,,,,,,,,,,
wax,0,any of various substances of either mineral origin or plant or animal origin; they are solid at normal temperatures and insoluble in water,,,,,,,,,,,,,,,,,
vermeille,0,,,,,,,,,,,,,,,,,,
filing,1,the entering of a legal document into the public record,a fragment rubbed off by the use of a file,the act of using a file (as in shaping or smoothing an object),preservation and methodical arrangement as of documents and papers etc.,,,,,,,,,,,,,,
oil,0,a slippery or viscous liquid or liquefiable substance not miscible with water,oil paint containing pigment that is used by an artist,a dark oil consisting mainly of hydrocarbons,any of a group of liquid edible fats that are obtained from plants,,,,,,,,,,,,,,
cement,0,concrete pavement is sometimes referred to as cement,a building material that is a powder made of a mixture of calcined limestone and clay; used with water and sand or gravel to make concrete and mortar,something that hardens to act as adhesive material,any of various materials used by dentists to fill cavities in teeth,a specialized bony substance covering the root of a tooth,,,,,,,,,,,,,
wicker,0,slender flexible branches or twigs (especially of willow or some canes); used for wickerwork,work made of interlaced slender branches (especially willow branches),,,,,,,,,,,,,,,,
nail,0,horny plate covering and protecting part of the dorsal surface of the digits,a thin pointed piece of metal that is hammered into materials as a fastener,a former unit of length for cloth equal to 1/16 of a yard,,,,,,,,,,,,,,,
sheep,0,woolly usually horned ruminant mammal related to the goat,a timid defenseless simpleton who is readily preyed upon,a docile and vulnerable person who would rather follow than make an independent decision,,,,,,,,,,,,,,,
ardide,0,,,,,,,,,,,,,,,,,,
salpeter,0,,,,,,,,,,,,,,,,,,
persicaire,0,,,,,,,,,,,,,,,,,,
tartar,0,a salt used especially in baking powder,a fiercely vigilant and unpleasant woman,a member of the Mongolian people of central Asia who invaded Russia in the 13th century,an incrustation that forms on the teeth and gums,,,,,,,,,,,,,,
gilded,0,,,,,,,,,,,,,,,,,,
wood,0,the hard fibrous lignified substance under the bark of trees,the trees and other plants in a large densely wooded area,United States film actress (1938-1981) (not an entity),English conductor (1869-1944) (not an entity),English writer of novels about murders and thefts and forgeries (1814-1887) (not an entity),United States painter noted for works based on life in the Midwest (1892-1942) (not an entity),any wind instrument other than the brass instruments,a golf club with a long shaft used to hit long shots; originally made with a wooden head,,,,,,,,,,
arum,0,starch resembling sago that is obtained from cuckoopint root,any plant of the family Araceae; have small flowers massed on a spadix surrounded by a large spathe,,,,,,,,,,,,,,,,
taffer,0,,,,,,,,,,,,,,,,,,
mortar,0,a muzzle-loading high-angle gun with a short barrel that fires shells at high elevations for a short range,used as a bond in masonry or for covering a wall,a bowl-shaped vessel in which substances can be ground and mixed with a pestle,,,,,,,,,,,,,,,
eau-de-vie,0,,,,,,,,,,,,,,,,,,
fir,0,nonresinous wood of a fir tree,any of various evergreen trees of the genus Abies; chiefly of upland areas,,,,,,,,,,,,,,,,
porphyry,0,any igneous rock with crystals embedded in a finer groundmass of minerals,,,,,,,,,,,,,,,,,
incarnadine,0,,,,,,,,,,,,,,,,,,
residue,0,matter that remains after something has been removed,something left after other parts have been taken away,,,,,,,,,,,,,,,,
umber,0,an earth pigment,a medium brown to dark-brown color,,,,,,,,,,,,,,,,
cochineal,0,a red dyestuff consisting of dried bodies of female cochineal insects,Mexican red scale insect that feeds on cacti; the source of a red dye,,,,,,,,,,,,,,,,
thunderstone,0,,,,,,,,,,,,,,,,,,
enamelling,0,,,,,,,,,,,,,,,,,,
felt,0,a fabric made of compressed matted animal fibers,,,,,,,,,,,,,,,,,
purple,0,a purple color or pigment,of imperial status,,,,,,,,,,,,,,,,
pulverin,0,,,,,,,,,,,,,,,,,,
antho,0,,,,,,,,,,,,,,,,,,
hay,0,grass mowed and cured for use as fodder,,,,,,,,,,,,,,,,,
earthenware,0,ceramic ware made of porous clay fired at low heat,,,,,,,,,,,,,,,,,
rue,0,European strong-scented perennial herb with grey-green bitter-tasting leaves; an irritant similar to poison ivy,leaves sometimes used for flavoring fruit or claret cup but should be used with great caution: can cause irritation like poison ivy,sadness associated with some wrong done or some disappointment,(French) a street or road in France,,,,,,,,,,,,,,
sap-green,0,,,,,,,,,,,,,,,,,,
ash,0,the residue that remains when something is burned,any of various deciduous pinnate-leaved ornamental or timber trees of the genus Fraxinus,strong elastic wood of any of various ash trees; used for furniture and tool handles and sporting goods such as baseball bats,,,,,,,,,,,,,,,
enilanroc,0,,,,,,,,,,,,,,,,,,
flesh,0,the soft tissue of the body of a vertebrate: mainly muscle tissue and fat,alternative names for the body of a human being,a soft moist part of a fruit,,,,,,,,,,,,,,,
cambric,0,a finely woven white linen,,,,,,,,,,,,,,,,,
phlegm,1,apathy demonstrated by an absence of emotional reactions,expectorated matter; saliva mixed with discharges from the respiratory passages; in ancient and medieval physiology it was believed to cause sluggishness,inactivity; showing an unusual lack of energy,,,,,,,,,,,,,,,
cristallin,0,,,,,,,,,,,,,,,,,,
enameled,0,,,,,,,,,,,,,,,,,,
leady,0,,,,,,,,,,,,,,,,,,
tallow,0,"obtained from suet and used in making soap, candles and lubricants",,,,,,,,,,,,,,,,,
crystal,0,a solid formed by the solidification of a chemical and having a highly regular atomic structure,a crystalline element used as a component in various electronic devices,a rock formed by the solidification of a substance; has regularly repeating internal structure; external plane faces,colorless glass made of almost pure silica,glassware made of quartz,a protective cover that protects the face of a watch,,,,,,,,,,,,
ferlin,0,,,,,,,,,,,,,,,,,,
vermilion,0,a variable color that is vivid red but sometimes with an orange tinge,,,,,,,,,,,,,,,,,
sandarac,0,"durable fragrant wood; used in building (as in the roof of the cathedral at Cordova, Spain)",a brittle and faintly aromatic translucent resin used in varnishes,large coniferous evergreen tree of North Africa and Spain having flattened branches and scalelike leaves yielding a hard fragrant wood; bark yields a resin used in varnishes,,,,,,,,,,,,,,,
enamel,0,hard white substance covering the crown of a tooth,a colored glassy compound (opaque or partially opaque) that is fused to the surface of metal or glass or pottery for decoration or protection,a paint that dries to a hard glossy finish,any smooth glossy coating that resembles ceramic glaze,,,,,,,,,,,,,,
arsenic,0,a white powdered poisonous trioxide of arsenic; used in manufacturing glass and as a pesticide (rat poison) and weed killer,a very poisonous metallic element that has three allotropic forms; arsenic and arsenic compounds are used as herbicides and insecticides and various alloys; found in arsenopyrite and orpiment and realgar,,,,,,,,,,,,,,,,
glueing,0,,,,,,,,,,,,,,,,,,
slate,0,(formerly) a writing tablet made of slate,thin layers of rock used for roofing,a fine-grained metamorphic rock that can be split into thin layers,a list of candidates nominated by a political party to run for election to public offices,,,,,,,,,,,,,,
luted,0,,,,,,,,,,,,,,,,,,
colophony,0,translucent brittle substance produced from pine oleoresin; used especially in varnishes and inks and on the bows of stringed instruments,,,,,,,,,,,,,,,,,
rye,0,the seed of the cereal grass,hardy annual cereal grass widely cultivated in northern Europe where its grain is the chief ingredient of black bread and in North America for forage and soil improvement,whiskey distilled from rye or rye and malt,,,,,,,,,,,,,,,
rock,0,a lump or mass of hard consolidated mineral matter,material consisting of the aggregate of minerals like those making up the Earth's crust,United States gynecologist and devout Catholic who conducted the first clinical trials of the oral contraceptive pill (1890-1984) (not an entity),(figurative) someone who is strong and stable and dependable; ; --Gospel According to Matthew,hard bright-colored stick candy (typically flavored with peppermint),a genre of popular music originating in the 1950s; a blend of black rhythm-and-blues with white country-and-western,pitching dangerously to one side,,,,,,,,,,,
lard,0,soft white semisolid fat obtained by rendering the fatty tissue of the hog,,,,,,,,,,,,,,,,,
seed,0,a small hard fruit,a mature fertilized plant ovule consisting of an embryo and its food source and having a protective coat or testa,one of the outstanding players in a tournament,anything that provides inspiration for later work,the thick white fluid containing spermatozoa that is ejaculated by the male genital tract,,,,,,,,,,,,,
syrup,0,a thick sweet sticky liquid,,,,,,,,,,,,,,,,,
milla,0,,,,,,,,,,,,,,,,,,
metalline,0,,,,,,,,,,,,,,,,,,
wine,0,fermented juice (of grapes especially),a red as dark as red wine,,,,,,,,,,,,,,,,
mastic,0,an aromatic exudate from the mastic tree; used chiefly in varnishes,a pasty cement used as an adhesive or filler,an evergreen shrub of the Mediterranean region that is cultivated for its resin,,,,,,,,,,,,,,,
stavesacre,0,,,,,,,,,,,,,,,,,,
powder,0,a solid substance in the form of tiny loose particles; a solid that has been pulverized,"a mixture of potassium nitrate, charcoal, and sulfur in a 75:15:10 ratio which is used in gunnery, time fuses, and fireworks",any of various cosmetic or medical preparations dispensed in the form of a pulverized powder,,,,,,,,,,,,,,,
husk,0,material consisting of seed coverings and small pieces of stem or leaves that have been separated from the seeds,outer membranous covering of some fruits or seeds,,,,,,,,,,,,,,,,
paste,0,any mixture of a soft and malleable consistency,"a hard, brilliant lead glass that is used in making artificial jewelry",an adhesive made from water and flour or starch; used on paper and paperboard,a tasty mixture to be spread on bread or crackers or used in preparing other dishes,,,,,,,,,,,,,,
camphor,0,a resin obtained from the camphor tree; used in making celluloid and liniment,,,,,,,,,,,,,,,,,
gravel,0,rock fragments and pebbles,,,,,,,,,,,,,,,,,
chimolée,0,,,,,,,,,,,,,,,,,,
piss,0,liquid excretory product,informal terms for urination,,,,,,,,,,,,,,,,
purpurina,0,,,,,,,,,,,,,,,,,,
or,1,a state in northwestern United States on the Pacific (not an entity),a room in a hospital equipped for the performance of surgical operations,,,,,,,,,,,,,,,,
ink,0,a liquid used for printing or writing or drawing,dark protective fluid ejected into the water by cuttlefish and other cephalopods,,,,,,,,,,,,,,,,
silk,0,a fabric made from the fine threads produced by certain insect larvae,animal fibers produced by silkworms and other larvae that spin cocoons and by most spiders,,,,,,,,,,,,,,,,
black,4,the quality or state of the achromatic color of least lightness (bearing the least resemblance to white),total absence of light,British chemist who identified carbon dioxide and who formulated the concepts of specific heat and latent heat (1728-1799) (not an entity),popular child actress of the 1930's (born in 1928) (not an entity),a person with dark skin who comes from Africa (or whose ancestors came from Africa),(board games) the darker pieces,black clothing (worn as a sign of mourning),,,,,,,,,,,
silver,0,a soft white precious univalent metallic element having the highest electrical and thermal conductivity of any metal; occurs in argentite and in free form; used in coins and jewelry and tableware and photography,coins made of silver,a light shade of grey,silverware eating utensils,a trophy made of silver (or having the appearance of silver) that is usually awarded for winning second place in a competition,,,,,,,,,,,,,
unleaded,0,,,,,,,,,,,,,,,,,,
crayon,0,writing implement consisting of a colored stick of composition wax used for writing and drawing,,,,,,,,,,,,,,,,,
toadstone,0,,,,,,,,,,,,,,,,,,
marrow,0,the fatty network of connective tissue that fills the cavities of bones,any of various squash plants grown for their elongated fruit with smooth dark green skin and whitish flesh,very tender and very nutritious tissue from marrowbones,large elongated squash with creamy to deep green skins,the choicest or most essential or most vital part of some idea or experience,,,,,,,,,,,,,
grease,0,a thick fatty oil (especially one used to lubricate machinery),the state of being covered with unclean things,,,,,,,,,,,,,,,,
orange,0,round yellow to orange fruit of any of several citrus trees,orange color or pigment; any of a range of colors between red and yellow,any citrus tree bearing oranges,any pigment producing the orange color,a river in South Africa that flows generally westward to the Atlantic Ocean (not an entity),,,,,,,,,,,,,
minium,0,a reddish oxide of lead (Pb3O4) used as a pigment in paints and in glass and ceramics,,,,,,,,,,,,,,,,,
sap,0,"a watery solution of sugars, salts, and minerals that circulates through the vascular system of a plant",a person who lacks good judgment,a piece of metal covered by leather with a flexible handle; used for hitting people,,,,,,,,,,,,,,,
potin,0,,,,,,,,,,,,,,,,,,
brazilwood,0,heavy wood of various brazilwood trees; used for violin bows and as dyewoods,tropical tree with prickly trunk; its heavy red wood yields a red dye and is used for cabinetry,,,,,,,,,,,,,,,,
canva,0,,,,,,,,,,,,,,,,,,
saltwater,0,water containing salts,,,,,,,,,,,,,,,,,
ebony,1,a very dark black,hard dark-colored heartwood of the ebony tree; used in cabinetwork and for piano keys,tropical tree of southern Asia having hard dark-colored heartwood used in cabinetwork,,,,,,,,,,,,,,,
egg,1,animal reproductive body consisting of an ovum or embryo together with nutritive and protective envelopes; especially the thin-shelled reproductive body laid by e.g. female birds,oval reproductive body of a fowl (especially a hen) used as food,one of the two male reproductive glands that produce spermatozoa and secrete androgens,,,,,,,,,,,,,,,
earth,1,the 3rd planet from the sun; the planet we live on (not an entity),the loose soft material that makes up a large part of the land surface,the solid part of the earth's surface,the abode of mortals (as contrasted with Heaven or Hell),once thought to be one of four elements composing the universe (Empedocles),the concerns of this life as distinguished from heaven and the afterlife,"a connection between an electrical device and a large conducting body, such as the earth (which is taken to be at zero voltage)",,,,,,,,,,,
pith,0,soft spongelike central cylinder of the stems of most flowering plants,the choicest or most essential or most vital part of some idea or experience,,,,,,,,,,,,,,,,
ruby,0,a transparent piece of ruby that has been cut and polished and is valued as a precious gem,a transparent deep red variety of corundum; used as a gemstone and in lasers,a deep and vivid red color,,,,,,,,,,,,,,,
sublimate,0,the product of vaporization of a solid,,,,,,,,,,,,,,,,,
coral,1,a variable color averaging a deep pink,the hard stony skeleton of a Mediterranean coral that has a delicate red or pink color and is used for jewelry,unfertilized lobster roe; reddens in cooking; used as garnish or to color sauces,marine colonial polyp characterized by a calcareous skeleton; masses in a variety of shapes often forming reefs,,,,,,,,,,,,,,
blue,1,blue color or pigment; resembling the color of the clear sky in the daytime,blue clothing,any organization or party whose uniforms or badges are blue,the sky as viewed during daylight,used to whiten laundry or hair or give it a bluish tinge,the sodium salt of amobarbital that is used as a barbiturate; used as a sedative and a hypnotic,any of numerous small butterflies of the family Lycaenidae,,,,,,,,,,,
paper,0,a material made of cellulose pulp derived mainly from wood or rags or certain grasses,an essay (especially one written as an assignment),a daily or weekly publication on folded sheets; contains news and articles and advertisements,a medium for written communication,a scholarly article describing the results of observations or stating hypotheses,a business firm that publishes newspapers,the physical object that is the product of a newspaper publisher,,,,,,,,,,,
lead,1,an advantage held by a competitor in a race,a soft heavy toxic malleable metallic element; bluish white when freshly cut but tarnishes readily to dull grey,evidence pointing to a possible solution,a position of leadership (especially in the phrase `take the lead'),the angle between the direction a gun is aimed and the position of a moving target (correcting for the flight time of the missile),the introductory section of a story,(sports) the score by which a team or individual is winning,an actor who plays a principal role,(baseball) the position taken by a base runner preparing to advance to the next base,an indication of potential opportunity,a news story of major importance,the timing of ignition relative to the position of the piston in an internal-combustion engine,restraint consisting of a rope (or light chain) used to restrain an animal,thin strip of metal used to separate lines of type in printing,mixture of graphite with clay in different degrees of hardness; the marking substance in a pencil,a jumper that consists of a short piece of wire,the playing of a card to start a trick in bridge,
☉,0,,,,,,,,,,,,,,,,,,
barley,0,a grain of barley,cultivated since prehistoric times; grown for forage and grain,,,,,,,,,,,,,,,,
cinnabar,0,a heavy reddish mineral consisting of mercuric sulfide; the chief source of mercury,large red-and-black European moth; larvae feed on leaves of ragwort; introduced into United States to control ragwort,,,,,,,,,,,,,,,,
asphaltum,0,,,,,,,,,,,,,,,,,,
melli,0,,,,,,,,,,,,,,,,,,
tisane,0,infusion of e.g. dried or fresh flowers or leaves,,,,,,,,,,,,,,,,,
hazelnut,0,any of several shrubs or small trees of the genus Corylus bearing edible nuts enclosed in a leafy husk,nut of any of several trees of the genus Corylus,,,,,,,,,,,,,,,,
ferret-silk,0,,,,,,,,,,,,,,,,,,
taffeta,0,a crisp smooth lustrous fabric,,,,,,,,,,,,,,,,,
fustet,0,,,,,,,,,,,,,,,,,,
tint,0,a quality of a given color that differs slightly from another color,,,,,,,,,,,,,,,,,
gum,0,a preparation (usually made of sweetened chicle) for chewing,the tissue (covered by mucous membrane) of the jaws that surrounds the bases of the teeth,any of various substances (soluble in water) that exude from certain plants; they are gelatinous when moist but harden on drying,cement consisting of a sticky substance that is used as an adhesive,wood or lumber from any of various gum trees especially the sweet gum,any of various trees of the genera Eucalyptus or Liquidambar or Nyssa that are sources of gum,,,,,,,,,,,,
☿,0,,,,,,,,,,,,,,,,,,
arabic,0,the Semitic language of the Arabs; spoken in a variety of dialects,,,,,,,,,,,,,,,,,
magnet,0,(physics) a device that attracts iron and produces a magnetic field,a characteristic that provides pleasure and attracts,,,,,,,,,,,,,,,,
ironware,0,instrumentalities (tools or implements) made of metal,,,,,,,,,,,,,,,,,
ammoniac,0,the aromatic gum of the ammoniac plant,,,,,,,,,,,,,,,,,
sand,0,a loose material consisting of grains of rock or coral,French writer known for works concerning women's rights and independence (1804-1876) (not an entity),fortitude and determination,,,,,,,,,,,,,,,
wisp,0,a small tuft or lock,a small person,a small bundle of straw or hay,a flock of snipe,,,,,,,,,,,,,,
pitch,2,the property of sound that varies with variation in the frequency of vibration,(baseball) the act of throwing a baseball by a pitcher to a batter,a vendor's position (especially on the sidewalk),promotion by means of an argument and demonstration,degree of deviation from a horizontal plane,any of various dark heavy viscid substances obtained as a residue,a high approach shot in golf,an all-fours game in which the first card led is a trump,abrupt up-and-down motion (as caused by a ship or other conveyance),the action or manner of throwing something,,,,,,,,
mushroom,0,common name for an edible agaric (contrasting with the inedible toadstool),"mushrooms and related fleshy fungi (including toadstools, puffballs, morels, coral fungi, etc.)",any of various fleshy fungi of the subdivision Basidiomycota consisting of a cap at the end of a stem arising from an underground mycelium,a large cloud of rubble and dust shaped like a mushroom and rising into the sky after an explosion (especially of a nuclear bomb),fleshy body of any of numerous edible fungi,,,,,,,,,,,,,
shale,0,a sedimentary rock formed by the deposition of successive layers of clay,,,,,,,,,,,,,,,,,
aspalte,0,,,,,,,,,,,,,,,,,,
foodstuff,0,(usually plural) consumer goods sold by a grocer,a substance that can be used or prepared for use as food,,,,,,,,,,,,,,,,
goumiche,0,,,,,,,,,,,,,,,,,,
wooden,0,,,,,,,,,,,,,,,,,,
gilt,0,a coating of gold or of something that looks like gold,,,,,,,,,,,,,,,,,
brine,0,water containing salts,a strong solution of salt and water used for pickling,,,,,,,,,,,,,,,,
salt,0,a compound formed by replacing hydrogen in an acid by a metal (or a radical that acts like a metal),white crystalline form of especially sodium chloride used to season and preserve food,negotiations between the United States and the Union of Soviet Socialist Republics opened in 1969 in Helsinki designed to limit both countries' stock of nuclear weapons (not an entity),the taste experience when common salt is taken into the mouth,,,,,,,,,,,,,,
gild,0,a formal association of people with similar interests,,,,,,,,,,,,,,,,,
puffball,0,any of various fungi of the family Lycoperdaceae whose round fruiting body discharges a cloud of spores when mature,any of various fungi of the genus Scleroderma having hard-skinned subterranean fruiting bodies resembling truffles,,,,,,,,,,,,,,,,
letter,0,a written message addressed to a person or organization,the conventional characters of the alphabet used to represent speech,owner who lets another person use something (housing usually) for hire,a strictly literal interpretation (as distinct from the intention),an award earned by participation in a school sport,,,,,,,,,,,,,
stone,0,a lump or mass of hard consolidated mineral matter,building material consisting of a piece of rock hewn in a definite shape for a special purpose,material consisting of the aggregate of minerals like those making up the Earth's crust,a crystalline rock that can be cut and polished for jewelry,an avoirdupois unit used to measure the weight of a human body; equal to 14 pounds,the hard inner (usually woody) layer of the pericarp of some fruits (as peaches or plums or cherries or olives) that contains the seed,United States jurist who was named chief justice of the United States Supreme Court in 1941 by Franklin D. Roosevelt (1872-1946) (not an entity),United States filmmaker (born in 1946) (not an entity),United States feminist and suffragist (1818-1893) (not an entity),United States journalist who advocated liberal causes (1907-1989) (not an entity),United States jurist who served on the United States Supreme Court as chief justice (1872-1946) (not an entity),United States architect (1902-1978) (not an entity),a lack of feeling or expression or movement,,,,,
dirt,0,the part of the earth's surface consisting of humus and disintegrated rock,the state of being covered with unclean things,obscene terms for feces,disgraceful gossip about the private lives of other people,,,,,,,,,,,,,,
quicksilver,0,a heavy silvery toxic univalent and bivalent metallic element; the only metal that is liquid at ordinary temperatures,,,,,,,,,,,,,,,,,
spider,0,"predatory arachnid with eight legs, two poison fangs, two feelers, and usually two silk-spinning organs at the back end of the body; they spin silk to make cocoons for eggs or traps for prey",a computer program that prowls the internet looking for publicly accessible resources that can be added to a database; the database can then be searched with a search engine,a skillet made of cast iron,,,,,,,,,,,,,,,
string,0,a lightweight cord,stringed instruments that are played with a bow,"a tightly stretched cord of wire or gut, which makes sound when plucked, struck, or bowed",a sequentially ordered set of things or events or ideas in which each successive member is related to the preceding,a linear sequence of symbols (characters or words or phrases),a tie consisting of a cord that goes through a seam around an opening,"a tough piece of fiber in vegetables, meat, or other food (especially the tough fibers connecting the two halves of a bean pod)",(cosmology) a hypothetical one-dimensional subatomic particle having a concentration of energy and the dynamic properties of a flexible loop,a collection of objects threaded on a single strand,a necklace made by a stringing objects together,,,,,,,,
electrum,0,an alloy of gold and silver,,,,,,,,,,,,,,,,,
sapphire,0,a precious transparent stone of rich blue corundum valued as a gemstone,a transparent piece of sapphire that has been cut and polished and is valued as a precious gem,a light shade of blue,,,,,,,,,,,,,,,
sulfur,0,an abundant tasteless odorless multivalent nonmetallic element; best known in yellow crystals; occurs in many sulphide and sulphate minerals and even in native form (especially in volcanic regions),,,,,,,,,,,,,,,,,
rosin,0,any of a class of solid or semisolid viscous substances obtained either as exudations from certain plants or prepared by polymerization of simple molecules,,,,,,,,,,,,,,,,,
whitening,0,changing to a lighter color,,,,,,,,,,,,,,,,,
ferri,0,,,,,,,,,,,,,,,,,,
♀,0,,,,,,,,,,,,,,,,,,
luting,0,a substance for packing a joint or coating a porous surface to make it impervious to gas or liquid,,,,,,,,,,,,,,,,,
satin,0,a smooth fabric of silk or rayon; has a glossy face and a dull back,,,,,,,,,,,,,,,,,
cendrée,0,,,,,,,,,,,,,,,,,,
clay,0,a very fine-grained soil that is plastic when moist but hard when fired,water soaked soil; soft wet earth,United States general who commanded United States forces in Europe from 1945 to 1949 and who oversaw the Berlin airlift (1897-1978) (not an entity),United States politician responsible for the Missouri Compromise between free and slave states (1777-1852) (not an entity),the dead body of a human being,,,,,,,,,,,,,
sludge,0,the precipitate produced by sewage treatment,"any thick, viscous matter",,,,,,,,,,,,,,,,
spat,1,a quarrel about petty points,a cloth covering (a legging) that covers the instep and ankles,a young oyster or other bivalve,,,,,,,,,,,,,,,
leather,0,an animal skin made smooth and flexible by removing the hair and then tanning,,,,,,,,,,,,,,,,,
soap,0,a cleansing agent made from the salts of vegetable or animal fats,money offered as a bribe,street names for gamma hydroxybutyrate,,,,,,,,,,,,,,,
feather,0,the light horny waterproof structure forming the external covering of birds,turning an oar parallel to the water between pulls,,,,,,,,,,,,,,,,
sorrel,0,any plant or flower of the genus Oxalis,"any of certain coarse weedy plants with long taproots, sometimes used as table greens or in folk medicine",East Indian sparsely prickly annual herb or perennial subshrub widely cultivated for its fleshy calyxes used in tarts and jelly and for its bast fiber,large sour-tasting arrowhead-shaped leaves used in salads and sauces,a horse of a brownish orange to light brown color,,,,,,,,,,,,,
earthworm,0,terrestrial worm that burrows into and helps aerate soil; often surfaces when the ground is cool or wet; used as bait by anglers,,,,,,,,,,,,,,,,,
florey,0,"British pathologist who isolated and purified penicillin, which had been discovered in 1928 by Sir Alexander Fleming (1898-1968) (not an entity)",,,,,,,,,,,,,,,,,
bistre,0,a water-soluble brownish-yellow pigment made by boiling wood soot,,,,,,,,,,,,,,,,,
grè,0,,,,,,,,,,,,,,,,,,
drug,0,a substance that is used as a medicine or narcotic,,,,,,,,,,,,,,,,,
jet,0,an airplane powered by one or more jet engines,the occurrence of a sudden discharge (as of liquid),a hard black form of lignite that takes a brilliant polish and is used in jewelry or ornamentation,atmospheric discharges (lasting 10 msec) bursting from the tops of giant storm clouds in blue cones that widen as they flash upward,street names for ketamine,an artificially produced flow of water,,,,,,,,,,,,
scale,6,an ordered reference standard,relative magnitude,the ratio between the size of something and a representation of it,a specialized leaf or bract that protects a bud or catkin,a thin flake of dead epidermis shed from the surface of the skin,(music) a series of notes differing in pitch according to a specific scheme (usually within an octave),a measuring instrument for weighing; shows amount of mass,an indicator having a graduated sequence of marks,a metal sheathing of uniform thickness (such as the shield attached to an artillery piece to protect the gunners),a flattened rigid plate forming part of the body covering of many animals,,,,,,,,
preserf,0,,,,,,,,,,,,,,,,,,
garnet,0,any of a group of hard glassy minerals (silicates of various metals) used as gemstones and as an abrasive,,,,,,,,,,,,,,,,,
tin,0,a silvery malleable metallic element that resists corrosion; used in many alloys and to coat other metals to prevent corrosion; obtained chiefly from cassiterite where it occurs as tin oxide,"a vessel (box, can, pan, etc.) made of tinplate and used mainly in baking",metal container for storing dry foods such as tea or flour,airtight sealed metal container for food or drink or paint etc.,,,,,,,,,,,,,,
paint,0,a substance used as a coating to protect or decorate a surface (especially a mixture of pigment suspended in a liquid); dries to form a hard coating,(basketball) a space (including the foul line) in front of the basket at each end of a basketball court; usually painted a different color from the rest of the court,makeup consisting of a pink or red powder applied to the cheeks,,,,,,,,,,,,,,,
urine,0,liquid excretory product,,,,,,,,,,,,,,,,,
diamond,0,a transparent piece of diamond that has been cut and polished and is valued as a precious gem,very hard native crystalline carbon valued as a gem,a parallelogram with four equal sides; an oblique-angled equilateral parallelogram,a playing card in the minor suit that has one or more red rhombuses on it,the area of a baseball field that is enclosed by 3 bases and home plate,the baseball playing field,,,,,,,,,,,,
willow,0,any of numerous deciduous trees and shrubs of the genus Salix,a textile machine having a system of revolving spikes for opening and cleaning raw textile fibers,,,,,,,,,,,,,,,,
aceto,0,,,,,,,,,,,,,,,,,,
cocon,0,,,,,,,,,,,,,,,,,,
straw,0,plant fiber used e.g. for making baskets and hats or as fodder,material consisting of seed coverings and small pieces of stem or leaves that have been separated from the seeds,"a variable yellow tint; dull yellow, often diluted with white",a thin paper or plastic tube used to suck liquids into the mouth,,,,,,,,,,,,,,
water,0,binary compound that occurs at room temperature as a clear colorless odorless tasteless liquid; freezes into ice below 0 degrees centigrade and boils above 100 degrees centigrade; widely used as a solvent,the part of the earth's surface covered with water (such as a river or lake or ocean),once thought to be one of four elements composing the universe (Empedocles),a facility that provides a source of water,liquid excretory product,a liquid necessary for the life of most animals and plants,,,,,,,,,,,,
walnut,0,nut of any of various walnut trees having a wrinkled two-lobed seed with a hard shell,hard dark-brown wood of any of various walnut trees; used especially for furniture and paneling,any of various trees of the genus Juglans,,,,,,,,,,,,,,,
flint,0,a hard kind of stone; a form of silica more opaque than chalcedony,a river in western Georgia that flows generally south to join the Chattahoochee River at the Florida border where they form the Apalachicola River (not an entity),a city in southeast central Michigan near Detroit; automobile manufacturing (not an entity),,,,,,,,,,,,,,,
oily,0,,,,,,,,,,,,,,,,,,
maple,0,wood of any of various maple trees; especially the hard close-grained wood of the sugar maple; used especially for furniture and flooring,any of numerous trees or shrubs of the genus Acer bearing winged seeds in pairs; north temperate zone,,,,,,,,,,,,,,,,
salted,0,,,,,,,,,,,,,,,,,,
fruit,0,the ripened reproductive body of a seed plant,an amount of a product,the consequence of some effort or action,,,,,,,,,,,,,,,
enamelled,0,,,,,,,,,,,,,,,,,,
wheat,0,annual or biennial grass having erect flower spikes and light brown grains,grains of common wheat; sometimes cooked whole or cracked as cereal; usually ground into flour,"a variable yellow tint; dull yellow, often diluted with white",,,,,,,,,,,,,,,
felinder,0,,,,,,,,,,,,,,,,,,
realgar,0,a rare soft orange mineral consisting of arsenic sulphide; an important ore of arsenic,,,,,,,,,,,,,,,,,
cheese,0,a solid food prepared from the pressed curd of milk,erect or decumbent Old World perennial with axillary clusters of rosy-purple flowers; introduced in United States,,,,,,,,,,,,,,,,
wadding,0,any material used especially to protect something,,,,,,,,,,,,,,,,,
alum,0,a white crystalline double sulfate of aluminum: the ammonium double sulfate of aluminum,a white crystalline double sulfate of aluminum: the potassium double sulfate of aluminum,a person who has received a degree from a school (high school or college or university),a double sulphate of aluminum and potassium that is used as an astringent (among other things),,,,,,,,,,,,,,
spirit,0,the vital principle or animating force within living things,the general atmosphere of a place or situation and the effect that it has on people,a fundamental emotional and activating principle determining one's character,any incorporeal supernatural being that can become visible (or audible) to human beings,the state of a person's emotions (especially with regard to pleasure or dejection),the intended meaning of a communication,animation and energy in action or expression,an inclination or tendency of a certain kind,,,,,,,,,,
incense,0,a substance that produces a fragrant odor when burned,the pleasing scent produced when incense is burned,,,,,,,,,,,,,,,,
coryal,0,,,,,,,,,,,,,,,,,,
emerald,0,a green transparent form of beryl; highly valued as a gemstone,a transparent piece of emerald that has been cut and polished and is valued as a precious gem,the green color of an emerald,,,,,,,,,,,,,,,
maplewood,0,,,,,,,,,,,,,,,,,,
foam,1,a mass of small bubbles formed in or on a liquid,a lightweight material in cellular form; made by introducing gas bubbles during manufacture,,,,,,,,,,,,,,,,
cardboard,0,a stiff moderately thick paper,,,,,,,,,,,,,,,,,
skin,0,a natural protective body covering and site of the sense of touch,an outer surface (usually thin),body covering of a living animal,a person's skin regarded as their life,the rind of a fruit or vegetable,a bag serving as a container for liquids; it is made from the hide of an animal,,,,,,,,,,,,
oiled,0,,,,,,,,,,,,,,,,,,
saltpeter,0,(KNO3) used especially as a fertilizer and explosive,,,,,,,,,,,,,,,,,
mine,0,excavation in the earth from which ores and minerals are extracted,explosive device that explodes on contact; designed to destroy vehicles or ships or to kill or maim personnel,,,,,,,,,,,,,,,,
batture,0,,,,,,,,,,,,,,,,,,
sol,0,a colloid that has a continuous liquid phase in which a solid is suspended in a liquid,(Roman mythology) ancient Roman god; personification of the sun; counterpart of Greek Helios (not an entity),the syllable naming the fifth (dominant) note of any musical scale in solmization,,,,,,,,,,,,,,,
marble,0,a hard crystalline metamorphic rock that takes a high polish; used for sculpture and as building material,a small ball of glass that is used in various games,a sculpture carved from marble,,,,,,,,,,,,,,,
debri,0,,,,,,,,,,,,,,,,,,
sumac,0,wood of a sumac,a shrub or tree of the genus Rhus (usually limited to the non-poisonous members of the genus),,,,,,,,,,,,,,,,
manganese,0,a hard brittle grey polyvalent metallic element that resembles iron but is not magnetic; used in making steel; occurs in many minerals,,,,,,,,,,,,,,,,,
colla,0,,,,,,,,,,,,,,,,,,
woollen,0,a fabric made from the hair of sheep,,,,,,,,,,,,,,,,,
smoked,0,,,,,,,,,,,,,,,,,,
bean,0,any of various edible seeds of plants of the family Leguminosae used for food,any of various seeds or fruits that are beans or resemble beans,any of various leguminous plants grown for their edible seeds and pods,informal terms for a human head,,,,,,,,,,,,,,
bronzing,0,,,,,,,,,,,,,,,,,,
sheet,0,any broad thin expanse or surface,paper used for writing or printing,bed linen consisting of a large rectangular piece of cotton or linen cloth; used in pairs,(mathematics) an unbounded two-dimensional shape,newspaper with half-size pages,a flat artifact that is thin relative to its length and width,(nautical) a line (rope or chain) that regulates the angle at which a sail is set in relation to the wind,a large piece of fabric (usually canvas fabric) by means of which wind is used to propel a sailing vessel,,,,,,,,,,
lye,0,a strong solution of sodium or potassium hydroxide,,,,,,,,,,,,,,,,,
coppera,0,,,,,,,,,,,,,,,,,,
arrabeic,0,,,,,,,,,,,,,,,,,,
stuf,0,,,,,,,,,,,,,,,,,,
tragacanth,0,"a gum used in pharmacy, adhesives, and textile printing",,,,,,,,,,,,,,,,,
enameling,0,,,,,,,,,,,,,,,,,,
crimson,0,a deep and vivid red color,,,,,,,,,,,,,,,,,
soil,1,the state of being covered with unclean things,the part of the earth's surface consisting of humus and disintegrated rock,material in the top layer of the surface of the earth in which plants can grow (especially with reference to its quality or use),the geographical area under the jurisdiction of a sovereign state,,,,,,,,,,,,,,
flower,0,a plant cultivated for its blooms or blossoms,reproductive organ of angiosperm plants especially one having showy or colorful parts,the period of greatest prosperity or productivity,,,,,,,,,,,,,,,
rocaille,0,,,,,,,,,,,,,,,,,,
down,0,soft fine feathers,(American football) a complete play to advance the football,English physician who first described Down's syndrome (1828-1896) (not an entity),(usually plural) a rolling treeless highland with little soil,fine soft dense hair (as the fine short hair of cattle or deer or the wool of sheep or the undercoat of certain dogs),,,,,,,,,,,,,
pansy,0,large-flowered garden plant derived chiefly from the wild pansy of Europe and having velvety petals of various colors,a timid man or boy considered childish or unassertive,offensive term for an openly homosexual man,,,,,,,,,,,,,,,
ceruse,0,a poisonous white pigment that contains lead,,,,,,,,,,,,,,,,,
verjuice,0,,,,,,,,,,,,,,,,,,
vermiculari,0,,,,,,,,,,,,,,,,,,
onion,0,the bulb of an onion plant,bulbous plant having hollow leaves cultivated worldwide for its rounded edible bulb,an aromatic flavorful vegetable,,,,,,,,,,,,,,,
quicklime,0,a white crystalline oxide used in the production of calcium hydroxide,,,,,,,,,,,,,,,,,
dough,0,a flour mixture stiff enough to knead or roll,informal terms for money,,,,,,,,,,,,,,,,
fresil,0,,,,,,,,,,,,,,,,,,
perfume,1,a distinctive odor that is pleasant,a toiletry that emits and diffuses a fragrant odor,,,,,,,,,,,,,,,,
carton,1,the quantity contained in a carton,a box made of cardboard; opens by flaps on top,,,,,,,,,,,,,,,,
vetro,0,,,,,,,,,,,,,,,,,,
stagno,0,,,,,,,,,,,,,,,,,,
tincture,0,a substances that colors metals,an indication that something has been present,a quality of a given color that differs slightly from another color,(pharmacology) a medicine consisting of an extract in an alcohol solution,,,,,,,,,,,,,,
manure,0,any animal or plant material used to fertilize land especially animal excreta usually with litter material,,,,,,,,,,,,,,,,,
flin,0,,,,,,,,,,,,,,,,,,
☼,0,,,,,,,,,,,,,,,,,,
aquaforti,0,,,,,,,,,,,,,,,,,,
tow,0,the act of hauling something (as a vehicle) by means of a hitch or rope,,,,,,,,,,,,,,,,,
white,0,a member of the Caucasoid race,the quality or state of the achromatic color of greatest lightness (bearing the least resemblance to black),United States jurist appointed chief justice of the United States Supreme Court in 1910 by President Taft; noted for his work on antitrust legislation (1845-1921) (not an entity),Australian writer (1912-1990) (not an entity),United States political journalist (1915-1986) (not an entity),United States architect (1853-1906) (not an entity),United States writer noted for his humorous essays (1899-1985) (not an entity),United States educator who in 1865 (with Ezra Cornell) founded Cornell University and served as its first president (1832-1918) (not an entity),a tributary of the Mississippi River that flows southeastward through northern Arkansas and southern Missouri (not an entity),the white part of an egg; the nutritive and protective gelatinous substance surrounding the yolk consisting mainly of albumin dissolved in water,(board games) the lighter pieces,(usually in the plural) trousers made of flannel or gabardine or tweed or white cloth,,,,,,
muddying,0,,,,,,,,,,,,,,,,,,
hair,0,a covering for the body (or parts of it) consisting of a dense growth of threadlike structures (as on the human head); helps to prevent heat loss,a very small distance or space,filamentous hairlike growth on a plant,any of the cylindrical filaments characteristically growing from the epidermis of a mammal,cloth woven from horsehair or camelhair; used for upholstery or stiffening in garments,a filamentous projection or process on an organism,,,,,,,,,,,,
real,0,any rational or irrational number,the basic unit of money in Brazil; equal to 100 centavos,an old small silver Spanish coin,,,,,,,,,,,,,,,
tinning,0,the application of a thin layer of soft solder to the ends of wires before soldering them,the application of a protective layer of tin,,,,,,,,,,,,,,,,
arène,0,,,,,,,,,,,,,,,,,,
pearled,0,,,,,,,,,,,,,,,,,,
vitriol,0,(H2SO4) a highly corrosive acid made from sulfur dioxide; widely used in the chemical industry,abusive or venomous language used to express blame or censure or bitter deep-seated ill will,,,,,,,,,,,,,,,,
metallic,0,a fabric made of a yarn that is partly or entirely of metal,a yarn made partly or entirely of metal,,,,,,,,,,,,,,,,
litharge,0,,,,,,,,,,,,,,,,,,
cornflower,0,plant of southern and southeastern United States grown for its yellow flowers that can be dried,an annual Eurasian plant cultivated in North America having showy heads of blue or purple or pink or white flowers,,,,,,,,,,,,,,,,
slaver,0,a person engaged in slave trade,someone who holds slaves,,,,,,,,,,,,,,,,
cloth,0,artifact made by weaving or felting or knitting or crocheting natural or synthetic fibers,,,,,,,,,,,,,,,,,
magistra,0,,,,,,,,,,,,,,,,,,
arene,0,,,,,,,,,,,,,,,,,,
plaster,0,a mixture of lime or gypsum with sand and water; hardens into a smooth solid; used to cover walls and ceilings,any of several gypsum cements; a white powder (a form of calcium sulphate) that forms a paste when mixed with water and hardens into a solid; used in making molds and sculptures and casts for broken limbs,a medical dressing consisting of a soft heated mass of meal or clay that is spread on a cloth and applied to the skin to treat inflamed areas or improve circulation etc.,a surface of hardened plaster (as on a wall or ceiling),adhesive tape used in dressing wounds,,,,,,,,,,,,,
dyed,0,,,,,,,,,,,,,,,,,,
charcoal,0,a carbonaceous material obtained by heating wood or other organic matter in the absence of air,a stick of black carbon material used for drawing,a very dark grey color,a drawing made with a stick of black carbon material,,,,,,,,,,,,,,
ambergri,0,,,,,,,,,,,,,,,,,,
dung,0,fecal matter of animals,,,,,,,,,,,,,,,,,
glued,0,,,,,,,,,,,,,,,,,,
ore,0,a mineral that contains metal that is valuable enough to be mined,a monetary subunit in Denmark and Norway and Sweden; 100 ore equal 1 krona,,,,,,,,,,,,,,,,
plumb,0,the metal bob of a plumb line,,,,,,,,,,,,,,,,,
damascening,0,,,,,,,,,,,,,,,,,,
broth,0,liquid in which meat and vegetables are simmered; used as a basis for e.g. soups or sauces,a thin soup of meat or fish or vegetable stock,,,,,,,,,,,,,,,,
firestone,0,a piece of flint that is struck to light a fire,a sandstone that withstands intense heat; used to line fireplaces and furnaces and kilns,,,,,,,,,,,,,,,,
felin,0,,,,,,,,,,,,,,,,,,
☾,0,,,,,,,,,,,,,,,,,,
taffetum,0,,,,,,,,,,,,,,,,,,
madder,0,Eurasian herb having small yellow flowers and red roots formerly an important source of the dye alizarin,,,,,,,,,,,,,,,,,
amalgam,0,an alloy of mercury with another metal (usually silver) used by dentists to fill cavities in teeth; except for iron and platinum all metals dissolve in mercury and chemists refer to the resulting mercury mixtures as amalgams,a combination or blend of diverse things,,,,,,,,,,,,,,,,
linen,0,a fabric woven with fibers from the flax plant,a high-quality paper made of linen fibers or with a linen finish,white goods or clothing made with linen cloth,,,,,,,,,,,,,,,
horsetail,0,perennial rushlike flowerless herbs with jointed hollow stems and narrow toothlike leaves that spread by creeping rhizomes; tend to become weedy; common in northern hemisphere; some in Africa and South America,,,,,,,,,,,,,,,,,
solle,0,,,,,,,,,,,,,,,,,,
plant,0,buildings for carrying on industrial labor,(botany) a living organism lacking the power of locomotion,an actor situated in the audience whose acting is rehearsed but seems spontaneous to the audience,something planted secretly for discovery by another,,,,,,,,,,,,,,
iron,0,a heavy ductile magnetic metallic element; is silver-white in pure form but readily rusts; used in construction and tools and armament; plays a role in the transport of oxygen by the blood,a golf club that has a relatively narrow metal head,implement used to brand live stock,home appliance consisting of a flat metal base that is heated and used to smooth cloth,,,,,,,,,,,,,,
vernice,0,,,,,,,,,,,,,,,,,,
bile,0,a digestive juice secreted by the liver and stored in the gallbladder; aids in the digestion of fats,,,,,,,,,,,,,,,,,
jasper,0,an opaque form of quartz; red or yellow or brown or dark green in color; used for ornamentation or as a gemstone,,,,,,,,,,,,,,,,,
charcoaled,0,,,,,,,,,,,,,,,,,,
amber,1,a deep yellow color,a hard yellowish to brownish translucent fossil resin; used for jewelry,,,,,,,,,,,,,,,,
lucertum,0,,,,,,,,,,,,,,,,,,
verdet,0,,,,,,,,,,,,,,,,,,
boxwood,0,very hard tough close-grained light yellow wood of the box (particularly the common box); used in delicate woodwork: musical instruments and inlays and engraving blocks,evergreen shrubs or small trees,,,,,,,,,,,,,,,,
saltwort,0,bushy plant of Old World salt marshes and sea beaches having prickly leaves; burned to produce a crude soda ash,low-growing strong-smelling coastal shrub of warm parts of the New World having unisexual flowers in conelike spikes and thick succulent leaves,,,,,,,,,,,,,,,,
theriac,0,,,,,,,,,,,,,,,,,,
card,0,one of a set of small pieces of stiff paper marked in various ways and used for playing games or for telling fortunes,a card certifying the identity of the bearer,a rectangular piece of stiff paper used to send messages (may have printed greetings or pictures),"thin cardboard, usually rectangular",a witty amusing person who makes jokes,a sign posted in a public place as an advertisement,a printed or written greeting that is left to indicate that you have visited,(golf) a record of scores (as in golf),a list of dishes available at a restaurant,(baseball) a list of batters in the order in which they will bat,a printed circuit that can be inserted into expansion slots in a computer to increase the computer's capabilities,,,,,,,
dye,0,a usually soluble substance for staining or coloring e.g. fabrics or hair,,,,,,,,,,,,,,,,,
rose,0,any of many shrubs of the genus Rosa that bear roses,pinkish table wine from red grapes whose skins were removed after fermentation began,a dusty pink color,,,,,,,,,,,,,,,
rutum,0,,,,,,,,,,,,,,,,,,
ocher,1,a moderate yellow-orange to orange color,any of various earths containing silica and alumina and ferric oxide; used as a pigment,,,,,,,,,,,,,,,,
tuf,0,,,,,,,,,,,,,,,,,,
tinsel,0,a showy decoration that is basically valueless,a thread with glittering metal foil attached,,,,,,,,,,,,,,,,
cotton,0,soft silky fibers from cotton plants in their raw state,fabric woven from cotton fibers,erect bushy mallow plant or small tree bearing bolls containing seeds with many long hairy fibers,thread made of cotton fibers,,,,,,,,,,,,,,
bread,0,food made from dough of flour or meal and usually raised with yeast or baking powder and then baked,informal terms for money,,,,,,,,,,,,,,,,
dyeing,0,the use of dye to change the color of something permanently,,,,,,,,,,,,,,,,,
jacinth,0,a red transparent variety of zircon used as a gemstone,,,,,,,,,,,,,,,,,
mineral,0,solid homogeneous inorganic substances occurring in nature having a definite chemical composition,,,,,,,,,,,,,,,,,
velvet,0,a silky densely piled fabric with a plain back,,,,,,,,,,,,,,,,,
resin,0,any of a class of solid or semisolid viscous substances obtained either as exudations from certain plants or prepared by polymerization of simple molecules,,,,,,,,,,,,,,,,,
distemper,2,any of various infectious viral diseases of animals,an angry and disagreeable mood,paint made by mixing the pigments with water and a binder,a painting created with paint that is made by mixing the pigments with water and a binder,a method of painting in which the pigments are mixed with water and a binder; used for painting posters or murals or stage scenery,,,,,,,,,,,,,
columbine,0,a plant of the genus Aquilegia having irregular showy spurred flowers; north temperate regions especially mountains,,,,,,,,,,,,,,,,,
sandiver,0,,,,,,,,,,,,,,,,,,
solder,0,an alloy (usually of lead and tin) used when melted to join two metal surfaces,,,,,,,,,,,,,,,,,
millet,0,"any of various small-grained annual cereal and forage grasses of the genera Panicum, Echinochloa, Setaria, Sorghum, and Eleusine",French painter of rural scenes (1814-1875) (not an entity),small seed of any of various annual cereal grasses especially Setaria italica,,,,,,,,,,,,,,,
lake,0,a body of (usually fresh) water surrounded by land,a purplish red pigment prepared from lac or cochineal,any of numerous bright translucent organic pigments,,,,,,,,,,,,,,,
glair,0,,,,,,,,,,,,,,,,,,
ember,0,a hot fragment of wood or coal that is left from a fire and is glowing or smoldering,,,,,,,,,,,,,,,,,
food,0,any substance that can be metabolized by an animal to give energy and build tissue,any solid substance (as opposed to liquid) that is used as a source of nourishment,anything that provides mental stimulus for thinking,,,,,,,,,,,,,,,
bone,0,rigid connective tissue that makes up the skeleton of vertebrates,the porous calcified substance from which bones are made,a shade of white the color of bleached bones,,,,,,,,,,,,,,,
☀,0,,,,,,,,,,,,,,,,,,
heather,0,common Old World heath represented by many varieties; low evergreen grown widely in the northern hemisphere,interwoven yarns of mixed colors producing muted greyish shades with flecks of color,,,,,,,,,,,,,,,,
storax,0,a vanilla-scented resin from various trees of the genus Styrax,,,,,,,,,,,,,,,,,
shell,0,ammunition consisting of a cylindrical metal casing containing an explosive charge and a projectile; fired from a large gun,the material that forms the hard outer covering of many animals,hard outer covering or case of certain organisms such as arthropods and turtles,the hard usually fibrous outer layer of some fruits especially nuts,the exterior covering of a bird's egg,a rigid covering that envelops an object,a very light narrow racing boat,the housing or outer covering of something,a metal sheathing of uniform thickness (such as the shield attached to an artillery piece to protect the gunners),the hard largely calcareous covering of a mollusc or a brachiopod,,,,,,,,
saffron,0,Old World crocus having purple or white flowers with aromatic pungent orange stigmas used in flavoring food,dried pungent stigmas of the Old World saffron crocus,a shade of yellow tinged with orange,,,,,,,,,,,,,,,
brouillamini,0,,,,,,,,,,,,,,,,,,
bole,0,a soft oily clay used as a pigment (especially a reddish brown pigment),the main stem of a tree; usually covered with bark; the bole is usually the part that is commercially useful for lumber,a Chadic language spoken in northern Nigeria and closely related to Hausa,,,,,,,,,,,,,,,
juice,0,the liquid part that can be extracted from plant or animal tissue by squeezing or cooking,energetic vitality,electric current,any of several liquids of the body,,,,,,,,,,,,,,
wire,0,ligament made of metal and used to fasten things or make cages or fences etc,a metal conductor that carries electricity over a distance,the finishing line on a racetrack,a message transmitted by telegraph,,,,,,,,,,,,,,
crust,0,the outer layer of the Earth,a hard outer layer that covers something,the trait of being rude and impertinent; inclined to take liberties,,,,,,,,,,,,,,,
garlic,0,bulbous herb of southern Europe widely naturalized; bulb breaks up into separate strong-flavored cloves,aromatic bulb used as seasoning,,,,,,,,,,,,,,,,
topaz,0,a yellow quartz,a mineral (fluosilicate of aluminum) that occurs in crystals of various colors and is used as a gemstone,a light brown the color of topaz,,,,,,,,,,,,,,,
germ,1,anything that provides inspiration for later work,a small apparently simple structure (as a fertilized egg) from which new tissue can develop into a complete organism,a minute life form (especially a disease-causing bacterium); the term is not in technical use,,,,,,,,,,,,,,,
talcum,0,a fine grained mineral having a soft soapy feel and consisting of hydrated magnesium silicate; used in a variety of products including talcum powder,a toilet powder made of purified talc and usually scented; absorbs excess moisture,,,,,,,,,,,,,,,,
milk,0,a white nutritious liquid secreted by mammals and used as food by human beings,produced by mammary glands of female mammals for feeding their young,a river that rises in the Rockies in northwestern Montana and flows eastward to become a tributary of the Missouri River (not an entity),any of several nutritive milklike liquids,,,,,,,,,,,,,,
grime,0,the state of being covered with unclean things,,,,,,,,,,,,,,,,,
copper,0,a ductile malleable reddish-brown corrosion-resistant diamagnetic metallic element; occurs in various minerals but is the only metal that occurs abundantly in large masses; used as an electrical and thermal conductor,a copper penny,uncomplimentary terms for a policeman,a reddish-brown color resembling the color of polished copper,any of various small butterflies of the family Lycaenidae having coppery wings,,,,,,,,,,,,,
brick,0,rectangular block of clay baked by the sun or in a kiln; used as a building or paving material,a good fellow; helpful and trustworthy,,,,,,,,,,,,,,,,
tripoli,0,a weathered and decomposed siliceous limestone; in powdered form it is used in polishing,the capital and chief port and largest city of Libya; in northwestern Libya on the Mediterranean Sea; founded by the Phoenicians in the 7th century BC (not an entity),a port city and commercial center in northwestern Lebanon on the Mediterranean Sea (not an entity),,,,,,,,,,,,,,,
solfo,0,,,,,,,,,,,,,,,,,,
trwood,0,,,,,,,,,,,,,,,,,,
antimony,0,a metallic element having four allotropic forms; used in a wide variety of alloys; found in stibnite,,,,,,,,,,,,,,,,,
galipot,0,,,,,,,,,,,,,,,,,,
cocon.,0,,,,,,,,,,,,,,,,,,
amethyst,0,a transparent purple variety of quartz; used as a gemstone,,,,,,,,,,,,,,,,,
lampblack,0,a black colloidal substance consisting wholly or principally of amorphous carbon and used to make pigments and ink,,,,,,,,,,,,,,,,,
rosemary,0,widely cultivated for its fragrant grey-green leaves used in cooking and in perfumery,extremely pungent leaves used fresh or dried as seasoning for especially meats,,,,,,,,,,,,,,,,
sugar,0,a white crystalline carbohydrate used as a sweetener and preservative,an essential structural component of living cells and source of energy for animals; includes simple sugars with small molecules as well as macromolecular substances; are classified according to the number of monosaccharide groups they contain,informal terms for money,,,,,,,,,,,,,,,
benzoin,0,gum resin used especially in treating skin irritation,used in some classifications for the American spicebush and certain other plants often included in the genus Lindera,,,,,,,,,,,,,,,,
quarton,0,,,,,,,,,,,,,,,,,,
billon,0,,,,,,,,,,,,,,,,,,
starch,0,"a complex carbohydrate found chiefly in seeds, fruits, tubers, roots and stem pith of plants, notably in corn, potatoes, wheat, and rice; an important foodstuff and used otherwise especially in adhesives and as fillers and stiffeners for paper and textiles",a commercial preparation of starch that is used to stiffen textile fabrics in laundering,,,,,,,,,,,,,,,,
rapeseed,0,seed of rape plants; source of an edible oil,,,,,,,,,,,,,,,,,
gold,2,coins made of gold,a deep yellow color,a soft yellow malleable ductile (trivalent and univalent) metallic element; occurs mainly as nuggets in rocks and alluvial deposits; does not react with most chemicals but is attacked by chlorine and aqua regia,great wealth; --Ben Jonson,something likened to the metal in brightness or preciousness or superiority etc.,,,,,,,,,,,,,
aloe,0,succulent plants having rosettes of leaves usually with fiber like hemp and spikes of showy flowers; found chiefly in Africa,,,,,,,,,,,,,,,,,
gilding,0,a coating of gold or of something that looks like gold,,,,,,,,,,,,,,,,,
cornaline,0,,,,,,,,,,,,,,,,,,
"rowan,",0,,,,,,,,,,,,,,,,,,
rooftile,0,,,,,,,,,,,,,,,,,,
musk,0,an odorous glandular secretion from the male musk deer; used as a perfume fixative,the scent of a greasy glandular secretion from the male musk deer,,,,,,,,,,,,,,,,
dittany,0,Eurasian perennial herb with white flowers that emit flammable vapor in hot weather,,,,,,,,,,,,,,,,,
spalt,0,,,,,,,,,,,,,,,,,,
