word,chosen index,def 0,1,2,3,4,5,6,7,8,9,10,11,12,13,14,15,16,17,18,19,20,21,22,23,24,25
tow,0,the act of hauling something (as a vehicle) by means of a hitch or rope,,,,,,,,,,,,,,,,,,,,,,,,,
fornaise,0,,,,,,,,,,,,,,,,,,,,,,,,,,
hammered,0,,,,,,,,,,,,,,,,,,,,,,,,,,
siefe,0,,,,,,,,,,,,,,,,,,,,,,,,,,
skillet,0,a pan used for frying foods,,,,,,,,,,,,,,,,,,,,,,,,,
ditch-spade,0,,,,,,,,,,,,,,,,,,,,,,,,,,
copper,0,a ductile malleable reddish-brown corrosion-resistant diamagnetic metallic element; occurs in various minerals but is the only metal that occurs abundantly in large masses; used as an electrical and thermal conductor,a copper penny,uncomplimentary terms for a policeman,a reddish-brown color resembling the color of polished copper,any of various small butterflies of the family Lycaenidae having coppery wings,,,,,,,,,,,,,,,,,,,,,
pouch,0,a small or medium size container for holding or carrying things,an enclosed space,(anatomy) saclike structure in any of various animals (as a marsupial or gopher or pelican),,,,,,,,,,,,,,,,,,,,,,,
filter,0,device that removes something from whatever passes through it,an electrical device that alters the frequency spectrum of signals passing through it,,,,,,,,,,,,,,,,,,,,,,,,
sheath,0,a protective covering (as for a knife or sword),an enveloping structure or covering enclosing an animal or plant organ or part,a dress suitable for formal occasions,,,,,,,,,,,,,,,,,,,,,,,
trepan,0,a surgical instrument used to remove sections of bone from the skull,a drill for cutting circular holes around a center,,,,,,,,,,,,,,,,,,,,,,,,
napkin,0,a small piece of table linen that is used to wipe the mouth and to cover the lap in order to protect clothing,garment consisting of a folded cloth drawn up between the legs and fastened at the waist; worn by infants to catch excrement,,,,,,,,,,,,,,,,,,,,,,,,
chisel,0,an edge tool with a flat steel blade with a cutting edge,,,,,,,,,,,,,,,,,,,,,,,,,
cushionet,0,,,,,,,,,,,,,,,,,,,,,,,,,,
pestled,0,,,,,,,,,,,,,,,,,,,,,,,,,,
bedsheet,0,,,,,,,,,,,,,,,,,,,,,,,,,,
shale,0,a sedimentary rock formed by the deposition of successive layers of clay,,,,,,,,,,,,,,,,,,,,,,,,,
ampul,0,a small bottle that contains a drug (especially a sealed sterile container for injection by needle),,,,,,,,,,,,,,,,,,,,,,,,,
pestling,0,,,,,,,,,,,,,,,,,,,,,,,,,,
basket,0,a container that is usually woven and has handles,the quantity contained in a basket,horizontal circular metal hoop supporting a net through which players try to throw the basketball,a score in basketball made by throwing the ball through the hoop,,,,,,,,,,,,,,,,,,,,,,
lathe,0,machine tool for shaping metal or wood; the workpiece turns about a horizontal axis against a fixed tool,,,,,,,,,,,,,,,,,,,,,,,,,
board,0,a committee having supervisory powers,a stout length of sawn timber; made in a wide variety of sizes and used for many purposes,a flat piece of material designed for a special purpose,food or meals in general,a vertical surface on which information can be displayed to public view,a table at which meals are served,electrical device consisting of a flat insulated surface that contains switches and dials and meters for controlling other electrical devices,a printed circuit that can be inserted into expansion slots in a computer to increase the computer's capabilities,a flat portable surface (usually rectangular) designed for board games,,,,,,,,,,,,,,,,,
bottle,0,a glass or plastic vessel used for storing drinks or other liquids; typically cylindrical without handles and with a narrow neck that can be plugged or capped,the quantity contained in a bottle,a vessel fitted with a flexible teat and filled with milk or formula; used as a substitute for breast feeding infants and very young children,,,,,,,,,,,,,,,,,,,,,,,
dish,0,a piece of dishware normally used as a container for holding or serving food,a particular item of prepared food,the quantity that a dish will hold,a very attractive or seductive looking woman,directional antenna consisting of a parabolic reflector for microwave or radio frequency radiation,an activity that you like or at which you are superior,,,,,,,,,,,,,,,,,,,,
ruler,0,a person who rules or commands,measuring stick consisting of a strip of wood or metal or plastic with a straight edge that is used for drawing straight lines and measuring lengths,,,,,,,,,,,,,,,,,,,,,,,,
spoonful,0,as much as a spoon will hold,,,,,,,,,,,,,,,,,,,,,,,,,
fustée,0,,,,,,,,,,,,,,,,,,,,,,,,,,
sheet,0,any broad thin expanse or surface,paper used for writing or printing,bed linen consisting of a large rectangular piece of cotton or linen cloth; used in pairs,(mathematics) an unbounded two-dimensional shape,newspaper with half-size pages,a flat artifact that is thin relative to its length and width,(nautical) a line (rope or chain) that regulates the angle at which a sail is set in relation to the wind,a large piece of fabric (usually canvas fabric) by means of which wind is used to propel a sailing vessel,,,,,,,,,,,,,,,,,,
clamped,0,,,,,,,,,,,,,,,,,,,,,,,,,,
flin,0,,,,,,,,,,,,,,,,,,,,,,,,,,
crutch,0,a wooden or metal staff that fits under the armpit and reaches to the ground; used by disabled person while walking,anything that serves as an expedient,,,,,,,,,,,,,,,,,,,,,,,,
brush,0,a dense growth of bushes,an implement that has hairs or bristles firmly set into a handle,momentary contact,conducts current between rotating and stationary parts of a generator or motor,a bushy tail or part of a bushy tail (especially of the fox),a minor short-term fight,the act of brushing your teeth,the act of brushing your hair,contact with something dangerous or undesirable,,,,,,,,,,,,,,,,,
molded,0,,,,,,,,,,,,,,,,,,,,,,,,,,
cendrée,0,,,,,,,,,,,,,,,,,,,,,,,,,,
awl,0,a pointed tool for marking surfaces or for punching small holes,,,,,,,,,,,,,,,,,,,,,,,,,
bung,0,a plug used to close a hole in a barrel or flask,,,,,,,,,,,,,,,,,,,,,,,,,
fournaise,0,,,,,,,,,,,,,,,,,,,,,,,,,,
reed,0,tall woody perennial grasses with hollow slender stems especially of the genera Arundo and Phragmites,United States journalist who reported on the October Revolution from Petrograd in 1917; founded the Communist Labor Party in America in 1919; is buried in the Kremlin in Moscow (1887-1920) (not an entity),United States physician who proved that yellow fever is transmitted by mosquitoes (1851-1902) (not an entity),a vibrator consisting of a thin strip of stiff material that vibrates to produce a tone when air streams over it,a musical instrument that sounds by means of a vibrating reed,,,,,,,,,,,,,,,,,,,,,
point,0,a geometric element that has position but no extension,the precise location of something; a spatially limited location,a brief version of the essential meaning of something,an isolated fact that is considered separately from the whole,a specific identifiable position in a continuum or series or especially in a process,an instant of time,the object of an activity,a V shape,a very small circular shape,the unit of counting in scoring a game or contest,a promontory extending out into a large body of water,a distinct part that can be specified separately in a group of things that could be enumerated on a list,a style in speech or writing that arrests attention and has a penetrating or convincing quality or effect,an outstanding characteristic,sharp end,any of 32 horizontal directions indicated on the card of a compass,a linear unit used to measure the size of type; approximately 1/72 inch,one percent of the total principal of a loan; it is paid at the time the loan is made and is independent of the interest on the loan,a punctuation mark (.) placed at the end of a declarative sentence to indicate a full stop or after abbreviations,a V-shaped mark at one end of an arrow pointer,the dot at the left of a decimal fraction,the property of a shape that tapers to a sharp tip,a distinguishing or individuating characteristic,the gun muzzle's direction,a wall socket,a contact in the distributor; as the rotor turns its projecting arm contacts them and current flows to the spark plugs
filed,0,,,,,,,,,,,,,,,,,,,,,,,,,,
stoppered,0,,,,,,,,,,,,,,,,,,,,,,,,,,
string,0,a lightweight cord,stringed instruments that are played with a bow,"a tightly stretched cord of wire or gut, which makes sound when plucked, struck, or bowed",a sequentially ordered set of things or events or ideas in which each successive member is related to the preceding,a linear sequence of symbols (characters or words or phrases),a tie consisting of a cord that goes through a seam around an opening,"a tough piece of fiber in vegetables, meat, or other food (especially the tough fibers connecting the two halves of a bean pod)",(cosmology) a hypothetical one-dimensional subatomic particle having a concentration of energy and the dynamic properties of a flexible loop,a collection of objects threaded on a single strand,a necklace made by a stringing objects together,,,,,,,,,,,,,,,,
plate,0,(baseball) base consisting of a rubber slab where the batter stands; it must be touched by a base runner in order to score,a sheet of metal or wood or glass or plastic,a full-page illustration (usually on slick paper),dish on which food is served or from which food is eaten,the quantity contained in a plate,a rigid layer of the Earth's crust that is believed to drift slowly,the thin under portion of the forequarter,a main course served on a plate,any flat platelike body structure or part,the positively charged electrode in a vacuum tube,a flat sheet of metal or glass on which a photographic image can be recorded,structural member consisting of a horizontal beam that provides bearing and anchorage,a shallow receptacle for collection in church,a metal sheathing of uniform thickness (such as the shield attached to an artillery piece to protect the gunners),a dental appliance that artificially replaces missing teeth,,,,,,,,,,,
shell,0,ammunition consisting of a cylindrical metal casing containing an explosive charge and a projectile; fired from a large gun,the material that forms the hard outer covering of many animals,hard outer covering or case of certain organisms such as arthropods and turtles,the hard usually fibrous outer layer of some fruits especially nuts,the exterior covering of a bird's egg,a rigid covering that envelops an object,a very light narrow racing boat,the housing or outer covering of something,a metal sheathing of uniform thickness (such as the shield attached to an artillery piece to protect the gunners),the hard largely calcareous covering of a mollusc or a brachiopod,,,,,,,,,,,,,,,,
shovel,0,a hand tool for lifting loose material; consists of a curved container or scoop and a handle,the quantity a shovel can hold,a fire iron consisting of a small shovel used to scoop coals or ashes in a fireplace,a machine for excavating,,,,,,,,,,,,,,,,,,,,,,
fist,0,a hand with the fingers clenched in the palm (as for hitting),,,,,,,,,,,,,,,,,,,,,,,,,
pestle,0,machine consisting of a heavy bar that moves vertically for pounding or crushing ores,a heavy tool of stone or iron (usually with a flat base and a handle) that is used to grind and mix material (as grain or drugs or pigments) against a slab of stone,a club-shaped hand tool for grinding and mixing substances in a mortar,,,,,,,,,,,,,,,,,,,,,,,
hook,0,a catch for locking a door,a sharp curve or crook; a shape resembling a hook,anything that serves as an enticement,a mechanical device that is curved or bent to suspend or hold or pull something,a curved or bent implement for suspending or pulling something,a golf shot that curves to the left for a right-handed golfer,a short swinging punch delivered from the side with the elbow bent,a basketball shot made over the head with the hand that is farther from the basket,,,,,,,,,,,,,,,,,,
horn,0,a noisemaker (as at parties or games) that makes a loud noise when you blow through it,one of the bony outgrowths on the heads of certain ungulates,a noise made by the driver of an automobile to give warning,a high pommel of a Western saddle (usually metal covered with leather),a brass musical instrument with a brilliant tone; has a narrow tube and a flared bell and is played by means of valves,any hard protuberance from the head of an organism that is similar to or suggestive of a horn,the material (mostly keratin) that covers the horns of ungulates and forms hooves and claws and nails,a device having the shape of a horn,an alarm device that makes a loud warning sound,a brass musical instrument consisting of a conical tube that is coiled into a spiral and played by means of valves,a device on an automobile for making a warning noise,,,,,,,,,,,,,,,
crayon,0,writing implement consisting of a colored stick of composition wax used for writing and drawing,,,,,,,,,,,,,,,,,,,,,,,,,
luted,0,,,,,,,,,,,,,,,,,,,,,,,,,,
burnished,0,,,,,,,,,,,,,,,,,,,,,,,,,,
bullitoire,0,,,,,,,,,,,,,,,,,,,,,,,,,,
knife,0,edge tool used as a cutting instrument; has a pointed blade with a sharp edge and a handle,a weapon with a handle and blade with a sharp point,any long thin projection that is transient,,,,,,,,,,,,,,,,,,,,,,,
oven,0,kitchen appliance used for baking or roasting,,,,,,,,,,,,,,,,,,,,,,,,,
vase,0,an open jar of glass or porcelain used as an ornament or to hold flowers,,,,,,,,,,,,,,,,,,,,,,,,,
log,0,a segment of the trunk of a tree when stripped of branches,the exponent required to produce a given number,a written record of messages sent or received,a written record of events on a voyage (of a ship or plane),measuring instrument that consists of a float that trails from a ship by a knotted line in order to measure the ship's speed through the water,,,,,,,,,,,,,,,,,,,,,
stake,0,(law) a right or legal share of something; a financial involvement with something,a pole or stake set up to mark something (as the start or end of a race track),instrument of execution consisting of a vertical post that a victim is tied to for burning,the money risked on a gamble,a strong wooden or metal post with a point at one end so it can be driven into the ground,,,,,,,,,,,,,,,,,,,,,
chameau,0,,,,,,,,,,,,,,,,,,,,,,,,,,
bowl,0,a round vessel that is open at the top; used chiefly for holding food or liquids,a concave shape with an open top,a dish that is round and open at the top for serving foods,the quantity contained in a bowl,a large structure for open-air sports or entertainments,a large ball with finger holes used in the sport of bowling,a wooden ball (with flattened sides so that it rolls on a curved course) used in the game of lawn bowling,a small round container that is open at the top for holding tobacco,the act of rolling something (as the ball in bowling),,,,,,,,,,,,,,,,,
moulet,0,,,,,,,,,,,,,,,,,,,,,,,,,,
brazier,0,large metal container in which coal or charcoal is burned; warms people who must stay outside for long times,,,,,,,,,,,,,,,,,,,,,,,,,
bell,0,a hollow device made of metal that makes a ringing sound when struck,a push button at an outer door that gives a ringing or buzzing signal when pushed,the sound of a bell being struck,"(nautical) each of the eight half-hour units of nautical time signaled by strokes of a ship's bell; eight bells signals 4:00, 8:00, or 12:00 o'clock, either a.m. or p.m.",the shape of a bell,a phonetician and father of Alexander Graham Bell (1819-1905) (not an entity),English painter; sister of Virginia Woolf; prominent member of the Bloomsbury Group (1879-1961) (not an entity),United States inventor (born in Scotland) of the telephone (1847-1922) (not an entity),a percussion instrument consisting of a set of tuned bells that are struck with a hammer; used as an orchestral instrument,the flared opening of a tubular device,,,,,,,,,,,,,,,,
tub,0,a relatively large open container that you fill with water and use to wash the body,a large open vessel for holding or storing liquids,the amount that a tub will hold,,,,,,,,,,,,,,,,,,,,,,,
clock,0,a timepiece that shows the time of day,,,,,,,,,,,,,,,,,,,,,,,,,
estamiere,0,,,,,,,,,,,,,,,,,,,,,,,,,,
knee,0,hinge joint in the human leg connecting the tibia and fibula with the femur and protected in front by the patella,joint between the femur and tibia in a quadruped; corresponds to the human knee,the part of a trouser leg that provides the cloth covering for the knee,,,,,,,,,,,,,,,,,,,,,,,
alembic,0,an obsolete kind of container used for distillation; two retorts connected by a tube,,,,,,,,,,,,,,,,,,,,,,,,,
bore,0,a person who evokes boredom,a high wave (often dangerous) caused by tidal flow (as by colliding tidal currents or in a narrow estuary),diameter of a tube or gun barrel,a hole or passage made by a drill; usually made for exploratory purposes,,,,,,,,,,,,,,,,,,,,,,
shelf,0,a support that consists of a horizontal surface for holding objects,a projecting ridge on a mountain or submerged under water,,,,,,,,,,,,,,,,,,,,,,,,
plumb,0,the metal bob of a plumb line,,,,,,,,,,,,,,,,,,,,,,,,,
mirror,0,polished surface that forms images by reflecting light,a faithful depiction or reflection,,,,,,,,,,,,,,,,,,,,,,,,
nut,0,usually large hard-shelled seed,Egyptian goddess of the sky (not an entity),a small (usually square or hexagonal) metal block with internal screw thread to be fitted onto a bolt,half the width of an em,a whimsically eccentric person,someone who is so ardently devoted to something that it resembles an addiction,one of the two male reproductive glands that produce spermatozoa and secrete androgens,,,,,,,,,,,,,,,,,,,
buckle,0,fastener that fastens together two ends of a belt or strap; often has loose prong,a shape distorted by twisting or folding,,,,,,,,,,,,,,,,,,,,,,,,
flagon,0,a large metal or pottery vessel with a handle and spout; used to hold alcoholic beverages (usually wine),,,,,,,,,,,,,,,,,,,,,,,,,
bag,0,a flexible container with a single opening,the quantity of game taken in a particular period (usually by one person),a place that the runner must touch before scoring,a container used for carrying money and small personal items or accessories (especially by women),the quantity that a bag will hold,a portable rectangular container for carrying clothes,an ugly or ill-tempered woman,mammary gland of bovids (cows and sheep and goats),an activity that you like or at which you are superior,,,,,,,,,,,,,,,,,
straw,0,plant fiber used e.g. for making baskets and hats or as fodder,material consisting of seed coverings and small pieces of stem or leaves that have been separated from the seeds,"a variable yellow tint; dull yellow, often diluted with white",a thin paper or plastic tube used to suck liquids into the mouth,,,,,,,,,,,,,,,,,,,,,,
silverpoint,0,a drawing made on specially prepared paper with an instrument having a silver tip (15th and 16th centuries),,,,,,,,,,,,,,,,,,,,,,,,,
lute,0,a substance for packing a joint or coating a porous surface to make it impervious to gas or liquid,"chordophone consisting of a plucked instrument having a pear-shaped body, a usually bent neck, and a fretted fingerboard",,,,,,,,,,,,,,,,,,,,,,,,
ball,0,round object that is hit or thrown or kicked in games,a solid projectile that is shot by a musket,an object with a spherical shape,the people assembled at a lavish formal dance,one of the two male reproductive glands that produce spermatozoa and secrete androgens,a spherical object used as a plaything,United States comedienne best known as the star of a popular television program (1911-1989) (not an entity),a compact mass,a lavish dance requiring formal attire,a more or less rounded anatomical body or mass,the game of baseball,a pitch that is not in the strike zone,,,,,,,,,,,,,,
porphyry,0,any igneous rock with crystals embedded in a finer groundmass of minerals,,,,,,,,,,,,,,,,,,,,,,,,,
felin,0,,,,,,,,,,,,,,,,,,,,,,,,,,
wirebrush,0,,,,,,,,,,,,,,,,,,,,,,,,,,
scraper,0,any of various hand tools for scraping,,,,,,,,,,,,,,,,,,,,,,,,,
easel,0,an upright tripod for displaying something (usually an artist's canvas),,,,,,,,,,,,,,,,,,,,,,,,,
penknife,0,a small pocketknife; originally used to cut quill pens,,,,,,,,,,,,,,,,,,,,,,,,,
frail,0,the weight of a frail (basket) full of raisins or figs; between 50 and 75 pounds,a basket for holding dried fruit (especially raisins or figs),,,,,,,,,,,,,,,,,,,,,,,,
thimble,0,as much as a thimble will hold,a small metal cap to protect the finger while sewing; can be used as a small container,,,,,,,,,,,,,,,,,,,,,,,,
gratteau,0,,,,,,,,,,,,,,,,,,,,,,,,,,
pin,0,a piece of jewelry that is pinned onto the wearer's garment,when a wrestler's shoulders are forced to the mat,small markers inserted into a surface to mark scores or define locations etc.,a number you choose and use to gain access to various accounts,informal terms for the leg,axis consisting of a short shaft that supports something that turns,cylindrical tumblers consisting of two parts that are held in place by springs; when they are aligned with a key the bolt can be thrown,flagpole used to mark the position of the hole on a golf green,a small slender (often pointed) piece of wood or metal used to support or fasten or attach things,a holder attached to the gunwale of a boat that holds the oar in place and acts as a fulcrum for rowing,a club-shaped wooden object used in bowling; set up in triangular groups of ten as the target,,,,,,,,,,,,,,,
press,0,the state of demanding notice or attention,the print media responsible for gathering and publishing news in the form of newspapers or magazines,a machine used for printing,a dense crowd of people,a tall piece of furniture that provides storage space for clothes; has a door and rails or hooks for hanging clothes,clamp to prevent wooden rackets from warping when not in use,any machine that exerts pressure to form or shape or cut materials or extract liquids or compress solids,a weightlift in which the barbell is lifted to shoulder height and then smoothly lifted overhead,the act of pressing; the exertion of pressure,,,,,,,,,,,,,,,,,
candlestick,0,a holder with sockets for candles,,,,,,,,,,,,,,,,,,,,,,,,,
plane,0,an aircraft that has a fixed wing and is powered by propellers or jets,(mathematics) an unbounded two-dimensional shape,a level of existence or development,a power tool for smoothing or shaping wood,a carpenter's hand tool with an adjustable blade for smoothing or shaping wood,,,,,,,,,,,,,,,,,,,,,
palette,0,the range of colour characteristic of a particular artist or painting or school of art,board that provides a flat surface on which artists mix paints and the range of colors used,one of the rounded armor plates at the armpits of a suit of armor,,,,,,,,,,,,,,,,,,,,,,,
nailed,0,,,,,,,,,,,,,,,,,,,,,,,,,,
tile,0,a flat thin rectangular slab (as of fired clay or rubber or linoleum) used to cover surfaces,a thin flat slab of fired clay used for roofing,"game equipment consisting of a flat thin piece marked with characters and used in board games like Mah-Jong, Scrabble, etc.",,,,,,,,,,,,,,,,,,,,,,,
strap,0,an elongated leather strip (or a strip of similar material) for binding things together or holding something in position,hanger consisting of a loop of leather suspended from the ceiling of a bus or train; passengers hold onto it,a band that goes over the shoulder and supports a garment or bag,whip consisting of a strip of leather used in flogging,,,,,,,,,,,,,,,,,,,,,,
vial,0,a small bottle that contains a drug (especially a sealed sterile container for injection by needle),,,,,,,,,,,,,,,,,,,,,,,,,
box,0,a (usually rectangular) container; may have a lid,private area in a theater or grandstand where a small group can watch the performance,the quantity contained in a box,a predicament from which a skillful or graceful escape is impossible,a rectangular drawing,evergreen shrubs or small trees,any one of several designated areas on a ball field where the batter or catcher or coaches are positioned,the driver's seat on a coach,separate partitioned area in a public place for a few people,a blow with the hand (usually on the ear),,,,,,,,,,,,,,,,
hourglass,0,a sandglass that runs for sixty minutes,,,,,,,,,,,,,,,,,,,,,,,,,
vat,0,a tax levied on the difference between a commodity's price before taxes and its cost of production,a large open vessel for holding or storing liquids,,,,,,,,,,,,,,,,,,,,,,,,
bellow,0,a very loud utterance (like the sound of an animal),United States author (born in Canada) whose novels influenced American literature after World War II (1915-2005) (not an entity),,,,,,,,,,,,,,,,,,,,,,,,
wood,0,the hard fibrous lignified substance under the bark of trees,the trees and other plants in a large densely wooded area,United States film actress (1938-1981) (not an entity),English conductor (1869-1944) (not an entity),English writer of novels about murders and thefts and forgeries (1814-1887) (not an entity),United States painter noted for works based on life in the Midwest (1892-1942) (not an entity),any wind instrument other than the brass instruments,a golf club with a long shaft used to hit long shots; originally made with a wooden head,,,,,,,,,,,,,,,,,,
boring,0,the act of drilling,the act of drilling a hole in the earth in the hope of producing petroleum,,,,,,,,,,,,,,,,,,,,,,,,
stopper,0,an act so striking or impressive that the show must be delayed until the audience quiets down,a remark to which there is no polite conversational reply,(bridge) a playing card with a value sufficiently high to insure taking a trick in a particular suit,blockage consisting of an object designed to fill a hole tightly,,,,,,,,,,,,,,,,,,,,,,
bone,0,rigid connective tissue that makes up the skeleton of vertebrates,the porous calcified substance from which bones are made,a shade of white the color of bleached bones,,,,,,,,,,,,,,,,,,,,,,,
underfoot,0,,,,,,,,,,,,,,,,,,,,,,,,,,
puncheon,0,,,,,,,,,,,,,,,,,,,,,,,,,,
card,0,one of a set of small pieces of stiff paper marked in various ways and used for playing games or for telling fortunes,a card certifying the identity of the bearer,a rectangular piece of stiff paper used to send messages (may have printed greetings or pictures),"thin cardboard, usually rectangular",a witty amusing person who makes jokes,a sign posted in a public place as an advertisement,a printed or written greeting that is left to indicate that you have visited,(golf) a record of scores (as in golf),a list of dishes available at a restaurant,(baseball) a list of batters in the order in which they will bat,a printed circuit that can be inserted into expansion slots in a computer to increase the computer's capabilities,,,,,,,,,,,,,,,
quarton,0,,,,,,,,,,,,,,,,,,,,,,,,,,
anvil,0,a heavy block of iron or steel on which hot metals are shaped by hammering,the ossicle between the malleus and the stapes,,,,,,,,,,,,,,,,,,,,,,,,
brushed,0,,,,,,,,,,,,,,,,,,,,,,,,,,
scratch-brush,0,,,,,,,,,,,,,,,,,,,,,,,,,,
screw,0,someone who guards prisoners,a simple machine of the inclined-plane type consisting of a spirally threaded cylindrical rod that engages with a similarly threaded hole,a propeller with several angled blades that rotates to push against water or air,a fastener with a tapered threaded shank and a slotted head,slang for sexual intercourse,,,,,,,,,,,,,,,,,,,,,
prele,0,,,,,,,,,,,,,,,,,,,,,,,,,,
emery,0,a hard grey-black mineral consisting of corundum and either hematite or magnetite; used as an abrasive (especially as a coating on paper),,,,,,,,,,,,,,,,,,,,,,,,,
glove,0,the handwear used by fielders in playing baseball,handwear: covers the hand and wrist,boxing equipment consisting of big and padded coverings for the fists of the fighters; worn for the sport of boxing,,,,,,,,,,,,,,,,,,,,,,,
spatula,0,a turner with a narrow flexible blade,a hand tool with a thin flexible blade used to mix or spread soft substances,,,,,,,,,,,,,,,,,,,,,,,,
ear,0,the sense organ for hearing and equilibrium,good hearing,the externally visible cartilaginous structure of the external ear,attention to what is said,fruiting spike of a cereal plant especially corn,,,,,,,,,,,,,,,,,,,,,
vise,0,a holding device attached to a workbench; has two jaws to hold workpiece firmly in place,,,,,,,,,,,,,,,,,,,,,,,,,
brick,0,rectangular block of clay baked by the sun or in a kiln; used as a building or paving material,a good fellow; helpful and trustworthy,,,,,,,,,,,,,,,,,,,,,,,,
grindstone,0,a revolving stone shaped like a disk; used to grind or sharpen or polish edge tools,,,,,,,,,,,,,,,,,,,,,,,,,
mouth,0,the opening through which food is taken in and vocalizations emerge,the externally visible part of the oral cavity on the face and the system of organs surrounding the opening,an opening that resembles a mouth (as of a cave or a gorge),the point where a stream issues into a larger body of water,a person conceived as a consumer of food,a spokesperson (as a lawyer),an impudent or insolent rejoinder,the opening of a jar or bottle,,,,,,,,,,,,,,,,,,
mattra,0,,,,,,,,,,,,,,,,,,,,,,,,,,
bath,0,a vessel containing liquid in which something is immersed (as to process it or to maintain it at a constant temperature or to lubricate it),you soak and wash your body in a bathtub,a relatively large open container that you fill with water and use to wash the body,an ancient Hebrew liquid measure equal to about 10 gallons,a town in southwestern England on the River Avon; famous for its hot springs and Roman remains (not an entity),a room (as in a residence) containing a bathtub or shower and usually a washbasin and toilet,,,,,,,,,,,,,,,,,,,,
mold,0,the distinctive form in which a thing is made,container into which liquid is poured to create a given shape when it hardens,loose soil rich in organic matter,the process of becoming mildewed,a fungus that produces a superficial growth on various kinds of damp or decaying organic matter,a dish or dessert that is formed in or on a mold,"a distinctive nature, character, or type",sculpture produced by molding,,,,,,,,,,,,,,,,,,
sieve,0,a strainer for separating lumps from powdered material or grading particles,,,,,,,,,,,,,,,,,,,,,,,,,
foot,0,the part of the leg of a human being below the ankle joint,a linear unit of length equal to 12 inches or a third of a yard,the lower part of anything,the pedal extremity of vertebrates other than human beings,lowest support of a structure,any of various organs of locomotion or attachment in invertebrates,travel by walking,a member of a surveillance team who works on foot or rides as a passenger,an army unit consisting of soldiers who fight on foot,(prosody) a group of 2 or 3 syllables forming the basic unit of poetic rhythm,a support resembling a pedal extremity,,,,,,,,,,,,,,,
socket,0,a bony hollow into which a structure fits,receptacle where something (a pipe or probe or end of a bone) is inserted,a receptacle into which an electric device can be inserted,,,,,,,,,,,,,,,,,,,,,,,
medal,0,an award for winning a championship or commemorating some other event,,,,,,,,,,,,,,,,,,,,,,,,,
ash,0,the residue that remains when something is burned,any of various deciduous pinnate-leaved ornamental or timber trees of the genus Fraxinus,strong elastic wood of any of various ash trees; used for furniture and tool handles and sporting goods such as baseball bats,,,,,,,,,,,,,,,,,,,,,,,
paper,0,a material made of cellulose pulp derived mainly from wood or rags or certain grasses,an essay (especially one written as an assignment),a daily or weekly publication on folded sheets; contains news and articles and advertisements,a medium for written communication,a scholarly article describing the results of observations or stating hypotheses,a business firm that publishes newspapers,the physical object that is the product of a newspaper publisher,,,,,,,,,,,,,,,,,,,
pot,0,metal or earthenware cooking vessel that is usually round and deep; often has a handle and lid,a plumbing fixture for defecation and urination,the quantity contained in a pot,a container in which plants are cultivated,(often followed by `of') a large number or amount or extent,the cumulative amount involved in a game (such as poker),slang for a paunch,"a resistor with three terminals, the third being an adjustable center terminal; used to adjust voltages in radios and TV sets",street names for marijuana,,,,,,,,,,,,,,,,,
chaple,0,,,,,,,,,,,,,,,,,,,,,,,,,,
terrine,0,a pate or fancy meatloaf baked in an earthenware casserole,,,,,,,,,,,,,,,,,,,,,,,,,
case,0,an occurrence of something,a special set of circumstances,a comprehensive term for any proceeding in a court of law whereby an individual seeks a legal remedy,the actual state of things,a portable container for carrying several objects,a person requiring professional services,a person who is subjected to experimental or other observational procedures; someone who is an object of investigation,a problem requiring investigation,a statement of facts and reasons used to support an argument,the quantity contained in a case,nouns or pronouns or adjectives (often marked by inflection) related in some way to other words in a sentence,a specific state of mind that is temporary,a person of a specified kind (usually with many eccentricities),a specific size and style of type within a type family,an enveloping structure or covering enclosing an animal or plant organ or part,the housing or outer covering of something,the enclosing frame around a door or window opening,"(printing) the receptacle in which a compositor has his type, which is divided into compartments for the different letters, spaces, or numbers",bed linen consisting of a cover for a pillow,a glass container used to store and display items in a shop or museum or home,,,,,,
scissor,0,,,,,,,,,,,,,,,,,,,,,,,,,,
fork,0,cutlery used for serving and eating food,the act of branching out or dividing into branches,the region of the angle formed by the junction of two branches,an agricultural tool used for lifting or digging; has a handle and metal prongs,the angle formed by the inner sides of the legs where they join the human trunk,,,,,,,,,,,,,,,,,,,,,
sand,0,a loose material consisting of grains of rock or coral,French writer known for works concerning women's rights and independence (1804-1876) (not an entity),fortitude and determination,,,,,,,,,,,,,,,,,,,,,,,
candle,0,stick of wax with a wick in the middle,"the basic unit of luminous intensity adopted under the Systeme International d'Unites; equal to 1/60 of the luminous intensity per square centimeter of a black body radiating at the temperature of 2,046 degrees Kelvin",,,,,,,,,,,,,,,,,,,,,,,,
canvas,0,"a heavy, closely woven fabric (used for clothing or chairs or sails or tents)",an oil painting on canvas fabric,the setting for a narrative or fictional or dramatic account,a tent made of canvas fabric,a large piece of fabric (usually canvas fabric) by means of which wind is used to propel a sailing vessel,the mat that forms the floor of the ring in which boxers or professional wrestlers compete,,,,,,,,,,,,,,,,,,,,
trowel,0,a small hand tool with a handle and flat metal blade; used for scooping or spreading plaster or similar materials,,,,,,,,,,,,,,,,,,,,,,,,,
fingernail,0,the nail at the end of a finger,,,,,,,,,,,,,,,,,,,,,,,,,
sieved,0,,,,,,,,,,,,,,,,,,,,,,,,,,
lime-twig,0,,,,,,,,,,,,,,,,,,,,,,,,,,
onglet,0,,,,,,,,,,,,,,,,,,,,,,,,,,
cannule,0,,,,,,,,,,,,,,,,,,,,,,,,,,
axis,0,a straight line through a body or figure that satisfies certain conditions,the main stem or central part about which plant organs or plant parts such as branches are arranged,in World War II the alliance of Germany and Italy in 1936 which later included Japan and other nations,a group of countries in special alliance,the 2nd cervical vertebra; serves as a pivot for turning the head,the center around which something rotates,,,,,,,,,,,,,,,,,,,,
tripoli,0,a weathered and decomposed siliceous limestone; in powdered form it is used in polishing,the capital and chief port and largest city of Libya; in northwestern Libya on the Mediterranean Sea; founded by the Phoenicians in the 7th century BC (not an entity),a port city and commercial center in northwestern Lebanon on the Mediterranean Sea (not an entity),,,,,,,,,,,,,,,,,,,,,,,
desgrusoue,0,,,,,,,,,,,,,,,,,,,,,,,,,,
borer,0,a drill for penetrating rock,any of various insects or larvae or mollusks that bore into wood,,,,,,,,,,,,,,,,,,,,,,,,
roller,0,a grounder that rolls along the infield,a long heavy sea wave as it advances towards the shore,a small wheel without spokes (as on a roller skate),a cylinder that revolves,a mechanical device consisting of a cylindrical tube around which the hair is wound to curl it,Old World bird that tumbles or rolls in flight; related to kingfishers,pigeon that executes backward somersaults in flight or on the ground,,,,,,,,,,,,,,,,,,,
molding,0,the act of creating something by casting it in a mold,a decorative strip used for ornamentation or finishing,a decorative recessed or relieved surface on an edge,sculpture produced by molding,a preliminary sculpture in wax or clay from which a finished work can be copied,,,,,,,,,,,,,,,,,,,,,
lamp,0,an artificial source of visible illumination,a piece of furniture holding one or more electric light bulbs,,,,,,,,,,,,,,,,,,,,,,,,
esgrusouer,0,,,,,,,,,,,,,,,,,,,,,,,,,,
slab,0,block consisting of a thick piece of something,,,,,,,,,,,,,,,,,,,,,,,,,
nail,0,horny plate covering and protecting part of the dorsal surface of the digits,a thin pointed piece of metal that is hammered into materials as a fastener,a former unit of length for cloth equal to 1/16 of a yard,,,,,,,,,,,,,,,,,,,,,,,
thunderstone,0,,,,,,,,,,,,,,,,,,,,,,,,,,
rake,0,a dissolute man in fashionable society,degree of deviation from a horizontal plane,a long-handled tool with a row of teeth at its head; used to move leaves or loosen soil,,,,,,,,,,,,,,,,,,,,,,,
hat,0,headdress that protects the head from bad weather; has shaped crown and usually a brim,an informal term for a person's role,,,,,,,,,,,,,,,,,,,,,,,,
cord,0,a line made of twisted fibers or threads,a unit of amount of wood cut for burning; 128 cubic feet,a light insulated conductor for household use,a cut pile fabric with vertical ribs; usually made of cotton,,,,,,,,,,,,,,,,,,,,,,
chiseling,0,,,,,,,,,,,,,,,,,,,,,,,,,,
pan,0,cooking utensil consisting of a wide metal vessel,(Greek mythology) god of fields and woods and shepherds and flocks; represented as a man with goat's legs and horns and ears; identified with Roman Sylvanus or Faunus (not an entity),shallow container made of metal,chimpanzees; more closely related to Australopithecus than to other pongids,,,,,,,,,,,,,,,,,,,,,,
arene,0,,,,,,,,,,,,,,,,,,,,,,,,,,
metal,0,any of several chemical elements that are usually shiny solids that conduct heat or electricity and can be formed into sheets etc.,a mixture containing two or more metallic elements or metallic and nonmetallic elements usually fused together or dissolving into each other when molten,,,,,,,,,,,,,,,,,,,,,,,,
window,0,a framework of wood or metal that contains a glass windowpane and is built into a wall or roof to admit light or air,a transparent opening in a vehicle that allow vision out of the sides or back; usually is capable of being opened,a transparent panel (as of an envelope) inserted in an otherwise opaque material,an opening that resembles a window in appearance or function,the time period that is considered best for starting or finishing something,a pane of glass in a window,an opening in a wall or screen that admits light and air and through which customers can be served,(computer science) a rectangular part of a computer screen that contains a display different from the rest of the screen,,,,,,,,,,,,,,,,,,
carton,0,the quantity contained in a carton,a box made of cardboard; opens by flaps on top,,,,,,,,,,,,,,,,,,,,,,,,
crossbar,0,a horizontal bar that goes across something,game equipment consisting of a horizontal bar to be jumped or vaulted over,long thin horizontal crosspiece between two vertical posts,,,,,,,,,,,,,,,,,,,,,,,
feather,0,the light horny waterproof structure forming the external covering of birds,turning an oar parallel to the water between pulls,,,,,,,,,,,,,,,,,,,,,,,,
burnisher,0,,,,,,,,,,,,,,,,,,,,,,,,,,
trivet,0,a three-legged metal stand for supporting a cooking vessel in a hearth,a stand with short feet used under a hot dish on a table,,,,,,,,,,,,,,,,,,,,,,,,
stone,0,a lump or mass of hard consolidated mineral matter,building material consisting of a piece of rock hewn in a definite shape for a special purpose,material consisting of the aggregate of minerals like those making up the Earth's crust,a crystalline rock that can be cut and polished for jewelry,an avoirdupois unit used to measure the weight of a human body; equal to 14 pounds,the hard inner (usually woody) layer of the pericarp of some fruits (as peaches or plums or cherries or olives) that contains the seed,United States jurist who was named chief justice of the United States Supreme Court in 1941 by Franklin D. Roosevelt (1872-1946) (not an entity),United States filmmaker (born in 1946) (not an entity),United States feminist and suffragist (1818-1893) (not an entity),United States journalist who advocated liberal causes (1907-1989) (not an entity),United States jurist who served on the United States Supreme Court as chief justice (1872-1946) (not an entity),United States architect (1902-1978) (not an entity),a lack of feeling or expression or movement,,,,,,,,,,,,,
ramrod,0,a rod used to ram the charge into a muzzle-loading firearm,a harshly demanding overseer,a rod used to clean the barrel of a firearm,,,,,,,,,,,,,,,,,,,,,,,
sponge,0,a porous mass of interlacing fibers that forms the internal skeleton of various marine animals and usable to absorb water or any porous rubber or cellulose product similarly used,someone able to acquire new knowledge and skills rapidly and easily,a follower who hangs around a host (without benefit to the host) in hope of gain or advantage,primitive multicellular marine animal whose porous body is supported by a fibrous skeletal framework; usually occurs in sessile colonies,,,,,,,,,,,,,,,,,,,,,,
touchstone,0,a basis for comparison; a reference point against which other things can be evaluated,,,,,,,,,,,,,,,,,,,,,,,,,
charcoal,0,a carbonaceous material obtained by heating wood or other organic matter in the absence of air,a stick of black carbon material used for drawing,a very dark grey color,a drawing made with a stick of black carbon material,,,,,,,,,,,,,,,,,,,,,,
circle,0,ellipse in which the two axes are of equal length; a plane curve generated by one point moving at a constant distance from a fixed point,an unofficial association of people or groups,something approximating the shape of a circle,movement once around a course,a road junction at which traffic streams circularly around a central island,street names for flunitrazepan,a curved section or tier of seats in a hall or theater or opera house; usually the first tier above the orchestra,any circular or rotating mechanism,,,,,,,,,,,,,,,,,,
funnel,0,a conical shape with a wider and a narrower opening at the two ends,a conically shaped utensil having a narrow tube at the small end; used to channel the flow of substances into a container with a small mouth,(nautical) smokestack consisting of a shaft for ventilation or the passage of smoke (especially the smokestack of a ship),,,,,,,,,,,,,,,,,,,,,,,
cotton,0,soft silky fibers from cotton plants in their raw state,fabric woven from cotton fibers,erect bushy mallow plant or small tree bearing bolls containing seeds with many long hairy fibers,thread made of cotton fibers,,,,,,,,,,,,,,,,,,,,,,
spoon,0,a piece of cutlery with a shallow bowl-shaped container and a handle; used to stir or serve or take up food,as much as a spoon will hold,formerly a golfing wood with an elevated face,,,,,,,,,,,,,,,,,,,,,,,
desgrusouer,0,,,,,,,,,,,,,,,,,,,,,,,,,,
hand,0,the (prehensile) extremity of the superior limb,a hired laborer on a farm or ranch,something written by hand,ability,a position given by its location to the side of an object,the cards held in a card game by a given player at any given time,one of two sides of an issue,a rotating pointer on the face of a timepiece,a unit of length equal to 4 inches; used in measuring horses,a member of the crew of a ship,a card player in a game of bridge,a round of applause to signify approval,terminal part of the forelimb in certain vertebrates (e.g. apes or kangaroos); - Springfield (Mass.) Union,physical assistance,,,,,,,,,,,,
mill,0,a plant consisting of one or more buildings with facilities for manufacturing,Scottish philosopher who expounded Bentham's utilitarianism; father of John Stuart Mill (1773-1836) (not an entity),English philosopher and economist remembered for his interpretations of empiricism and utilitarianism (1806-1873) (not an entity),machinery that processes materials by grinding or crushing,the act of grinding to a powder or dust,,,,,,,,,,,,,,,,,,,,,
weight,0,the vertical force exerted by a mass as a result of gravity,sports equipment used in calisthenic exercises and weightlifting; it is not attached to anything and is raised and lowered by use of the hands and arms,the relative importance granted to something,an artifact that is heavy,an oppressive feeling of heavy force,a system of units used to express the weight of something,a unit used to measure weight,(statistics) a coefficient assigned to elements of a frequency distribution in order to represent their relative importance,,,,,,,,,,,,,,,,,,
hammer,0,the part of a gunlock that strikes the percussion cap when the trigger is pulled,a hand tool with a heavy rigid head and a handle; used to deliver an impulsive force by striking,the ossicle attached to the eardrum,"a light drumstick with a rounded head that is used to strike such percussion instruments as chimes, kettledrums, marimbas, glockenspiels, etc.",a heavy metal sphere attached to a flexible wire; used in the hammer throw,a striker that is covered in felt and that causes the piano strings to vibrate,a power tool for drilling rocks,the act of pounding (delivering repeated heavy blows),,,,,,,,,,,,,,,,,,
stirrup,0,support consisting of metal loops into which rider's feet go,the stirrup-shaped ossicle that transmits sound from the incus to the cochlea,,,,,,,,,,,,,,,,,,,,,,,,
chalk,0,a soft whitish calcite,a pure flat white with little reflectance,an amphetamine derivative (trade name Methedrine) used in the form of a crystalline hydrochloride; used as a stimulant to the nervous system and as an appetite suppressant,"a piece of calcite or a similar substance, usually in the shape of a crayon, that is used to write or draw on blackboards or other flat surfaces",,,,,,,,,,,,,,,,,,,,,,
coffer,0,an ornamental sunken panel in a ceiling or dome,a chest especially for storing valuables,,,,,,,,,,,,,,,,,,,,,,,,
cloth,0,artifact made by weaving or felting or knitting or crocheting natural or synthetic fibers,,,,,,,,,,,,,,,,,,,,,,,,,
tube,0,conduit consisting of a long hollow object (usually cylindrical) used to hold and conduct objects or liquids or gases,electronic device consisting of a system of electrodes arranged in an evacuated glass or metal envelope,a hollow cylindrical shape,(anatomy) any hollow cylindrical body structure,an electric railway operating below the surface of the ground (usually in a city),,,,,,,,,,,,,,,,,,,,,
luting,0,a substance for packing a joint or coating a porous surface to make it impervious to gas or liquid,,,,,,,,,,,,,,,,,,,,,,,,,
loom,0,a textile machine for weaving yarn into a textile,,,,,,,,,,,,,,,,,,,,,,,,,
grai,0,,,,,,,,,,,,,,,,,,,,,,,,,,
pit,0,a sizeable hole (usually in the ground),a concavity in a surface (especially an anatomical depression),the hard inner (usually woody) layer of the pericarp of some fruits (as peaches or plums or cherries or olives) that contains the seed,(Christianity) the abode of Satan and the forces of evil; where sinners suffer eternal punishment; - John Milton; ; -Dr. Johnson,an enclosure in which animals are made to fight,(commodity exchange) the part of the floor of a commodity exchange where trading in a particular commodity is carried on,(auto racing) an area at the side of a racetrack where the race cars are serviced and refueled,a trap in the form of a concealed hole,a surface excavation for extracting stone or slate,lowered area in front of a stage where an orchestra accompanies the performers,a workplace consisting of a coal mine plus all the buildings and equipment connected with it,,,,,,,,,,,,,,,
iron,0,a heavy ductile magnetic metallic element; is silver-white in pure form but readily rusts; used in construction and tools and armament; plays a role in the transport of oxygen by the blood,a golf club that has a relatively narrow metal head,implement used to brand live stock,home appliance consisting of a flat metal base that is heated and used to smooth cloth,,,,,,,,,,,,,,,,,,,,,,
paintbrush,0,a brush used as an applicator (to apply paint),,,,,,,,,,,,,,,,,,,,,,,,,
sleeve,0,the part of a garment that is attached at the armhole and that provides a cloth covering for the arm,small case into which an object fits,,,,,,,,,,,,,,,,,,,,,,,,
felt,0,a fabric made of compressed matted animal fibers,,,,,,,,,,,,,,,,,,,,,,,,,
receptacle,0,a container that is used to put or keep things in,enlarged tip of a stem that bears the floral parts,an electrical (or electronic) fitting that is connected to a source of power and equipped to receive an insert,,,,,,,,,,,,,,,,,,,,,,,
tool,0,an implement used in the practice of a vocation,the means whereby some act is accomplished,a person who is controlled by others and is used to perform unpleasant or dishonest tasks for someone else,obscene terms for penis,,,,,,,,,,,,,,,,,,,,,,
bar,0,a room or establishment where alcoholic drinks are served over a counter,a counter where you can obtain food or drink,a rigid piece of metal or wood; usually used as a fastening or obstruction or weapon,musical notation for a repeating pattern of musical beats,an obstruction (usually metal) placed at the top of a goal,the act of preventing,(meteorology) a unit of pressure equal to a million dynes per square centimeter,a submerged (or partly submerged) ridge in a river or along a shore,the body of individuals qualified to practice law in a particular jurisdiction,a narrow marking of a different color or texture from the background,a block of solid substance (such as soap or wax),a portable .30 caliber automatic rifle operated by gas pressure and fed by cartridges from a magazine; used by United States troops in World War I and in World War II and in the Korean War,a horizontal rod that serves as a support for gymnasts as they perform exercises,a heating element in an electric fire,(law) a railing that encloses the part of the courtroom where the judges and lawyers sit and the case is tried,,,,,,,,,,,
blade,0,especially a leaf of grass or the broad portion of a leaf as distinct from the petiole,a dashing young man,something long and thin resembling a blade of grass,a cutting or thrusting weapon that has a long metal blade and a hilt with a hand guard,a cut of beef from the shoulder blade,a broad flat body part (as of the shoulder or tongue),the part of the skate that slides on the ice,flat surface that rotates and pushes against air or water,the flat part of a tool or weapon that (usually) has a cutting edge,,,,,,,,,,,,,,,,,
thread,0,a fine cord of twisted fibers (of cotton or silk or wool or nylon etc.) used in sewing and weaving,any long object resembling a thin line,the connections that link the various parts of an event or argument together,the raised helical rib going around a screw,,,,,,,,,,,,,,,,,,,,,,
cast,0,the actors in a play,container into which liquid is poured to create a given shape when it hardens,the distinctive form in which a thing is made,the visual appearance of something or someone,bandage consisting of a firm covering (often made of plaster of Paris) that immobilizes broken bones while they heal,object formed by a mold,the act of throwing dice,the act of throwing a fishing line out over the water by means of a rod and reel,a violent throw,,,,,,,,,,,,,,,,,
trusseaulx,0,,,,,,,,,,,,,,,,,,,,,,,,,,
chafing-dish,0,,,,,,,,,,,,,,,,,,,,,,,,,,
furnace,0,"an enclosed chamber in which heat is produced to heat buildings, destroy refuse, smelt or refine ores, etc.",,,,,,,,,,,,,,,,,,,,,,,,,
contour,0,a line drawn on a map connecting points of equal height,any spatial attributes (especially as defined by outline),a feature (or the order or arrangement of features) of anything having a complex structure,,,,,,,,,,,,,,,,,,,,,,,
fire-steel,0,,,,,,,,,,,,,,,,,,,,,,,,,,
matrass,0,,,,,,,,,,,,,,,,,,,,,,,,,,
tin,0,a silvery malleable metallic element that resists corrosion; used in many alloys and to coat other metals to prevent corrosion; obtained chiefly from cassiterite where it occurs as tin oxide,"a vessel (box, can, pan, etc.) made of tinplate and used mainly in baking",metal container for storing dry foods such as tea or flour,airtight sealed metal container for food or drink or paint etc.,,,,,,,,,,,,,,,,,,,,,,
leather,0,an animal skin made smooth and flexible by removing the hair and then tanning,,,,,,,,,,,,,,,,,,,,,,,,,
ditto,0,a mark used to indicate the word above it should be repeated,,,,,,,,,,,,,,,,,,,,,,,,,
burin,0,a chisel of tempered steel with a sharp point; used for engraving,,,,,,,,,,,,,,,,,,,,,,,,,
blast-pipe,0,,,,,,,,,,,,,,,,,,,,,,,,,,
cane,0,a stick that people can lean on to help them walk,"a strong slender often flexible stem as of bamboos, reeds, rattans, or sugar cane",a stiff switch used to hit students as punishment,,,,,,,,,,,,,,,,,,,,,,,
linen,0,a fabric woven with fibers from the flax plant,a high-quality paper made of linen fibers or with a linen finish,white goods or clothing made with linen cloth,,,,,,,,,,,,,,,,,,,,,,,
candlelight,0,the light provided by a burning candle,,,,,,,,,,,,,,,,,,,,,,,,,
desramonet,0,,,,,,,,,,,,,,,,,,,,,,,,,,
mallet,0,a sports implement with a long handle and a head like a hammer; used in sports (polo or croquet) to hit a ball,"a light drumstick with a rounded head that is used to strike such percussion instruments as chimes, kettledrums, marimbas, glockenspiels, etc.",a tool resembling a hammer but with a large head (usually wooden); used to drive wedges or ram down paving stones or for crushing or beating or flattening or smoothing,,,,,,,,,,,,,,,,,,,,,,,
quill,0,pen made from a bird's feather,a stiff hollow protective spine on a porcupine or hedgehog,any of the larger wing or tail feathers of a bird,the hollow spine of a feather,,,,,,,,,,,,,,,,,,,,,,
crucible,0,a vessel made of material that does not melt easily; used for high temperature chemical reactions,,,,,,,,,,,,,,,,,,,,,,,,,
cutting-punch,0,,,,,,,,,,,,,,,,,,,,,,,,,,
syringe,0,a medical instrument used to inject or withdraw fluids,,,,,,,,,,,,,,,,,,,,,,,,,
well-forged,0,,,,,,,,,,,,,,,,,,,,,,,,,,
frame,0,the framework for a pair of eyeglasses,"a single one of a series of still transparent pictures forming a cinema, television or video film",alternative names for the body of a human being,(baseball) one of nine divisions of play during which each team has a turn at bat,a single drawing in a comic_strip,an application that divides the user's display into two or more windows that can be scrolled independently,a system of assumptions and standards that sanction behavior and give it meaning,the hard structure (bones and cartilages) that provides a frame for the body of an animal,the internal supporting structure that gives an artifact its shape,a framework that supports and protects a picture or a mirror,one of the ten divisions into which bowling is divided,,,,,,,,,,,,,,,
glass,0,a brittle transparent solid with irregular atomic structure,a container for holding liquids while drinking,the quantity a glass will hold,a small refracting telescope,an amphetamine derivative (trade name Methedrine) used in the form of a crystalline hydrochloride; used as a stimulant to the nervous system and as an appetite suppressant,a mirror; usually a ladies' dressing mirror,glassware collectively,,,,,,,,,,,,,,,,,,,
pipe,0,a tube with a small bowl at one end; used for smoking tobacco,a long tube made of metal or plastic that is used to carry water or oil or gas etc.,a hollow cylindrical shape,a tubular wind instrument,the flues and stops on a pipe organ,,,,,,,,,,,,,,,,,,,,,
marble,0,a hard crystalline metamorphic rock that takes a high polish; used for sculpture and as building material,a small ball of glass that is used in various games,a sculpture carved from marble,,,,,,,,,,,,,,,,,,,,,,,
grateau,0,,,,,,,,,,,,,,,,,,,,,,,,,,
putty,0,a dough-like mixture of whiting and boiled linseed oil; used especially to patch woodwork or secure panes of glass,,,,,,,,,,,,,,,,,,,,,,,,,
drawer,0,a boxlike container in a piece of furniture; made so as to slide in and out,the person who writes a check or draft instructing the drawee to pay someone else,an artist skilled at drawing,,,,,,,,,,,,,,,,,,,,,,,
bolt,0,a discharge of lightning accompanied by thunder,a sliding bar in a breech-loading firearm that ejects an empty cartridge and replaces it and closes the breech,the part of a lock that is engaged or withdrawn with a key,the act of moving with great haste,a roll of cloth or wallpaper of a definite length,a screw that screws into a nut to form a fastener,a sudden abandonment (as from a political party),,,,,,,,,,,,,,,,,,,
barrel,0,a tube through which a bullet travels when a gun is fired,a cylindrical container that holds liquids,a bulging cylindrical shape; hollow with flat ends,the quantity that a barrel (of any size) will hold,any of various units of capacity,,,,,,,,,,,,,,,,,,,,,
gimlet,0,a cocktail made of gin or vodka and lime juice,hand tool for boring holes,,,,,,,,,,,,,,,,,,,,,,,,
top,0,the upper part of anything,the highest or uppermost side of anything,the top or extreme point of something (usually a mountain or hill),the first half of an inning; while the visiting team is at bat,the highest level or degree attainable; the highest stage of development,the greatest possible intensity,platform surrounding the head of a lower mast,a conical child's plaything tapering to a steel point on which it can be made to spin,covering for a hole (especially a hole in the top of a container),a garment (especially for women) that extends from the shoulders to the waist or hips,a canvas tent to house the audience at a circus performance,,,,,,,,,,,,,,,
palm,0,the inner surface of the hand from the wrist to the base of the fingers,a linear unit based on the length or width of the human hand,any plant of the family Palmae having an unbranched trunk crowned by large pinnate or palmate leaves,an award for winning a championship or commemorating some other event,,,,,,,,,,,,,,,,,,,,,,
bucket,0,a roughly cylindrical vessel that is open at the top,the quantity contained in a bucket,,,,,,,,,,,,,,,,,,,,,,,,
pillar,0,a fundamental principle or practice,anything that approximates the shape of a column or tower,a prominent supporter,a vertical cylindrical structure standing alone and not supporting anything (such as a monument),(architecture) a tall vertical cylindrical structure standing upright and used to support a structure,,,,,,,,,,,,,,,,,,,,,
table,0,a set of data arranged in rows and columns,a piece of furniture having a smooth flat top that is usually supported by one or more vertical legs,a piece of furniture with tableware for a meal laid out on it,flat tableland with steep edges,a company of people assembled at a table for a meal or game,food or meals in general,,,,,,,,,,,,,,,,,,,,
auger,0,a long flexible steel coil for dislodging stoppages in curved pipes,hand tool for boring holes,,,,,,,,,,,,,,,,,,,,,,,,
lid,0,either of two folds of skin that can be moved to cover or open the eye,"a movable top or cover (hinged or separate) for closing the opening at the top of a box, chest, jar, pan, etc.",headdress that protects the head from bad weather; has shaped crown and usually a brim,,,,,,,,,,,,,,,,,,,,,,,
almond,0,small bushy deciduous tree native to Asia and North Africa having pretty pink blossoms and highly prized edible nuts enclosed in a hard green hull; cultivated in southern Australia and California,oval-shaped edible seed of the almond tree,,,,,,,,,,,,,,,,,,,,,,,,
wimble,0,hand tool for boring holes,,,,,,,,,,,,,,,,,,,,,,,,,
stick,0,an implement consisting of a length of wood,a small thin branch of a tree,a lever used by a pilot to control the ailerons and elevators of an airplane,a rectangular quarter pound block of butter or margarine,informal terms for the leg,a long implement (usually made of wood) that is shaped so that hockey or polo players can hit a puck or ball,a long thin implement resembling a length of wood,marijuana leaves rolled into a cigarette for smoking,threat of a penalty,,,,,,,,,,,,,,,,,
cage,0,an enclosure made or wire or metal bars in which birds or animals can be kept,something that restricts freedom as a cage restricts movement,United States composer of avant-garde music (1912-1992) (not an entity),the net that is the goal in ice hockey,a movable screen placed behind home base to catch balls during batting practice,,,,,,,,,,,,,,,,,,,,,
sift,0,,,,,,,,,,,,,,,,,,,,,,,,,,
peg,0,a wooden pin pushed or driven into a surface,small markers inserted into a surface to mark scores or define locations etc.,informal terms for the leg,a prosthesis that replaces a missing leg,regulator that can be turned to regulate the pitch of the strings of a stringed instrument,a holder attached to the gunwale of a boat that holds the oar in place and acts as a fulcrum for rowing,,,,,,,,,,,,,,,,,,,,
grate,0,a frame of iron bars to hold a fire,a harsh rasping sound made by scraping something,a barrier that has parallel or crossed bars blocking a passage but admitting air,,,,,,,,,,,,,,,,,,,,,,,
rammer,0,a tool for driving something with force,,,,,,,,,,,,,,,,,,,,,,,,,
retort,0,a quick reply to a question or remark (especially a witty or critical one),a vessel where substances are distilled or decomposed by heat,,,,,,,,,,,,,,,,,,,,,,,,
tongue,0,a mobile mass of muscular tissue covered with mucous membrane and located in the oral cavity,a human written or spoken language used by a community; opposed to e.g. a computer language,any long thin projection that is transient,a manner of speaking,a narrow strip of land that juts out into the sea,the tongue of certain animals used as meat,the flap of material under the laces of a shoe or boot,metal striker that hangs inside a bell and makes a sound by hitting the side,,,,,,,,,,,,,,,,,,
boxwood,0,very hard tough close-grained light yellow wood of the box (particularly the common box); used in delicate woodwork: musical instruments and inlays and engraving blocks,evergreen shrubs or small trees,,,,,,,,,,,,,,,,,,,,,,,,
handle,0,the appendage to an object that is designed to be held in order to use or move it,,,,,,,,,,,,,,,,,,,,,,,,,
tweezer,0,a hand tool for holding consisting of a compound lever for grasping,,,,,,,,,,,,,,,,,,,,,,,,,
cornet,0,a brass musical instrument with a brilliant tone; has a narrow tube and a flared bell and is played by means of valves,,,,,,,,,,,,,,,,,,,,,,,,,
cauldron,0,a very large pot that is used for boiling,,,,,,,,,,,,,,,,,,,,,,,,,
wheel,0,a simple machine consisting of a circular frame with spokes (or a solid disc) that can rotate on a shaft or axle (as in vehicles or other machines),a handwheel that is used for steering,forces that provide energy and direction,a circular helm to control the rudder of a vessel,game equipment consisting of a wheel with slots that is used for gambling; the wheel rotates horizontally and players bet on which slot the roulette ball will stop in,an instrument of torture that stretches or disjoints or mutilates victims,a wheeled vehicle that has two wheels and is moved by foot pedals,,,,,,,,,,,,,,,,,,,
bedpost,0,any of 4 vertical supports at the corners of a bedstead,,,,,,,,,,,,,,,,,,,,,,,,,
fingertip,0,the end (tip) of a finger,,,,,,,,,,,,,,,,,,,,,,,,,
finger,0,any of the terminal members of the hand (sometimes excepting the thumb),the length of breadth of a finger used as a linear measure,one of the parts of a glove that provides covering for a finger or thumb,,,,,,,,,,,,,,,,,,,,,,,
mortar,0,a muzzle-loading high-angle gun with a short barrel that fires shells at high elevations for a short range,used as a bond in masonry or for covering a wall,a bowl-shaped vessel in which substances can be ground and mixed with a pestle,,,,,,,,,,,,,,,,,,,,,,,
jewel,0,a precious or semiprecious stone incorporated into a piece of jewelry,a person who is as brilliant and precious as a piece of jewelry,,,,,,,,,,,,,,,,,,,,,,,,
torch,0,a light usually carried in the hand; consists of some flammable substance,tall-stalked very woolly mullein with densely packed yellow flowers; ancient Greeks and Romans dipped the stalks in tallow for funeral torches,a small portable battery-powered electric lamp,a burner that mixes air and gas to produce a very hot flame,,,,,,,,,,,,,,,,,,,,,,
token,0,an individual instance of a type of symbol,something serving as a sign of something else,a metal or plastic disk that can be redeemed or used in designated slot machines,something of sentimental value,,,,,,,,,,,,,,,,,,,,,,
forge,0,furnace consisting of a special hearth where metal is heated before shaping,a workplace where metal is worked by heating and hammering,,,,,,,,,,,,,,,,,,,,,,,,
chasing,0,,,,,,,,,,,,,,,,,,,,,,,,,,
beater,0,a worker who rouses wild game from under cover for a hunter,an implement for beating,,,,,,,,,,,,,,,,,,,,,,,,
muid,0,,,,,,,,,,,,,,,,,,,,,,,,,,
semal,0,,,,,,,,,,,,,,,,,,,,,,,,,,
compass,0,navigational instrument for finding directions,an area in which something acts or operates or has power or control:,the limit of capability,drafting instrument used for drawing circles,,,,,,,,,,,,,,,,,,,,,,
wedge,0,any shape that is triangular in cross section,a large sandwich made of a long crusty roll split lengthwise and filled with meats and cheese (and tomato and onion and lettuce and condiments); different names are used in different sections of the United States,a diacritical mark (an inverted circumflex) placed above certain letters (such as the letter c) to indicate pronunciation,a heel that is an extension of the sole of the shoe,(golf) an iron with considerable loft and a broad sole,something solid that is usable as an inclined plane (shaped like a V) that can be pushed between two things to separate them,a block of wood used to prevent the sliding or rolling of a heavy object,,,,,,,,,,,,,,,,,,,
eye,0,the organ of sight,good discernment (either visually or as if visually),attention to what is seen,an area that is approximately central within some larger region,a small hole or loop (as in a needle),,,,,,,,,,,,,,,,,,,,,
pincer,0,a hand tool for holding consisting of a compound lever for grasping,a grasping structure on the limb of a crustacean or other arthropods,,,,,,,,,,,,,,,,,,,,,,,,
basin,0,a bowl-shaped vessel; usually used for holding food or liquids,the quantity that a basin will hold,a natural depression in the surface of the land often with a lake at the bottom of it,the entire geographical area drained by a river and its tributaries; an area characterized by all runoff being conveyed to the same outlet,a bathroom sink that is permanently installed and connected to a water supply and drainpipe; where you can wash your hands and face,,,,,,,,,,,,,,,,,,,,,
gouge,0,an impression in a surface (as made by a blow),and edge tool with a blade like a trough for cutting channels or grooves,the act of gouging,,,,,,,,,,,,,,,,,,,,,,,
rope,0,a strong line,street names for flunitrazepan,,,,,,,,,,,,,,,,,,,,,,,,
taper,0,a convex shape that narrows toward a point,the property possessed by a shape that narrows toward a point (as a wedge or cone),a loosely woven cord (in a candle or oil lamp) that draws fuel by capillary action up into the flame,stick of wax with a wick in the middle,,,,,,,,,,,,,,,,,,,,,,
cupel,0,a small porous bowl made of bone ash used in assaying to separate precious metals from e.g. lead,,,,,,,,,,,,,,,,,,,,,,,,,
toothpick,0,pick consisting of a small strip of wood or plastic; used to pick food from between the teeth,,,,,,,,,,,,,,,,,,,,,,,,,
scratch-brushed,0,,,,,,,,,,,,,,,,,,,,,,,,,,
hearth,0,an open recess in a wall at the base of a chimney where a fire can be built,home symbolized as a part of the fireplace,an area near a fireplace (usually paved and extending out into a room),,,,,,,,,,,,,,,,,,,,,,,
rod,0,a long thin implement made of metal or wood,any rod-shaped bacterium,a linear measure of 16.5 feet,a square rod of land,a visual receptor cell that is sensitive to dim light,a gangster's pistol,,,,,,,,,,,,,,,,,,,,
firkin,0,a British unit of capacity equal to 9 imperial gallons,a small wooden keg,,,,,,,,,,,,,,,,,,,,,,,,
baton,0,a thin tapered rod used by a conductor to lead an orchestra or choir,a short stout club used primarily by policemen,a short staff carried by some officials to symbolize an office or an authority,a hollow metal rod that is wielded or twirled by a drum major or drum majorette,a hollow cylinder passed from runner to runner in a relay race,,,,,,,,,,,,,,,,,,,,,
bushel,0,a United States dry measure equal to 4 pecks or 2152.42 cubic inches,a British imperial capacity measure (liquid or dry) equal to 4 pecks,,,,,,,,,,,,,,,,,,,,,,,,
arson,0,malicious burning to destroy property,,,,,,,,,,,,,,,,,,,,,,,,,
bat,0,nocturnal mouselike mammal with forelimbs modified to form membranous wings and anatomical adaptations for echolocation by which they navigate,(baseball) a turn trying to get a hit,a small racket with a long handle used for playing squash,the club used in playing cricket,a club used for hitting a ball in various games,,,,,,,,,,,,,,,,,,,,,
ember,0,a hot fragment of wood or coal that is left from a fire and is glowing or smoldering,,,,,,,,,,,,,,,,,,,,,,,,,
horsetail,0,perennial rushlike flowerless herbs with jointed hollow stems and narrow toothlike leaves that spread by creeping rhizomes; tend to become weedy; common in northern hemisphere; some in Africa and South America,,,,,,,,,,,,,,,,,,,,,,,,,
ladle,0,a spoon-shaped vessel with a long handle; frequently used to transfer liquids from one container to another,,,,,,,,,,,,,,,,,,,,,,,,,
cochiaro,0,,,,,,,,,,,,,,,,,,,,,,,,,,
glove,0,the handwear used by fielders in playing baseball,handwear: covers the hand and wrist,boxing equipment consisting of big and padded coverings for the fists of the fighters; worn for the sport of boxing,,,,,,,,,,,,,,,,,,,,,,,
tooth,0,hard bonelike structures in the jaws of vertebrates; used for biting and chewing or for attack and defense,something resembling the tooth of an animal,toothlike structure in invertebrates found in the mouth or alimentary canal or on a shell,a means of enforcement,one of a number of uniform projections on a gear,,,,,,,,,,,,,,,,,,,,,
file,0,a set of related records (either written or electronic) kept together,a line of persons or things ranged one behind the other,office furniture consisting of a container for keeping papers in order,a steel hand tool with small sharp teeth on some or all of its surfaces; used for smoothing wood or metal,,,,,,,,,,,,,,,,,,,,,,
saw,0,a condensed but memorable saying embodying some important fact of experience that is taken as true by many people,hand tool having a toothed blade for cutting,a power tool for cutting wood,,,,,,,,,,,,,,,,,,,,,,,
clamp,0,a device (generally used by carpenters) that holds things firmly together,,,,,,,,,,,,,,,,,,,,,,,,,
matrix,0,(mathematics) a rectangular array of quantities or expressions set out by rows and columns; treated as a single element and manipulated according to rules,"(geology) amass of fine-grained rock in which fossils, crystals, or gems are embedded",an enclosure within which something originates or develops (from the Latin for womb),the body substance in which tissue cells are embedded,the formative tissue at the base of a nail,"mold used in the production of phonograph records, type, or other relief surface",,,,,,,,,,,,,,,,,,,,
flask,0,bottle that has a narrow neck,the quantity a flask will hold,,,,,,,,,,,,,,,,,,,,,,,,
quadrant,0,a quarter of the circumference of a circle,any of the four areas into which a plane is divided by two orthogonal coordinate axes,the area enclosed by two perpendicular radii of a circle,a measuring instrument for measuring altitude of heavenly bodies,,,,,,,,,,,,,,,,,,,,,,
vessel,0,a tube in which a body fluid circulates,a craft designed for water transportation,an object used as a container (especially for liquids),,,,,,,,,,,,,,,,,,,,,,,
